index,label
0,40
1,37
2,34
3,90
4,71
5,34
6,80
7,4
8,71
9,83
10,87
11,80
12,58
13,69
14,40
15,65
16,0
17,15
18,70
19,53
20,61
21,39
22,48
23,59
24,21
25,94
26,37
27,8
28,34
29,98
30,20
31,61
32,24
33,73
34,96
35,27
36,70
37,21
38,94
39,33
40,38
41,72
42,30
43,99
44,89
45,11
46,57
47,16
48,3
49,56
50,35
51,29
52,9
53,94
54,2
55,36
56,71
57,52
58,42
59,30
60,16
61,33
62,89
63,34
64,70
65,92
66,34
67,21
68,51
69,84
70,66
71,51
72,23
73,51
74,67
75,32
76,82
77,22
78,35
79,0
80,71
81,36
82,54
83,19
84,73
85,81
86,99
87,42
88,5
89,73
90,66
91,40
92,4
93,46
94,58
95,4
96,72
97,45
98,90
99,11
100,42
101,53
102,47
103,65
104,4
105,69
106,12
107,37
108,53
109,95
110,5
111,25
112,67
113,83
114,9
115,69
116,8
117,34
118,0
119,56
120,90
121,90
122,38
123,70
124,33
125,94
126,21
127,64
128,92
129,91
130,86
131,16
132,70
133,63
134,21
135,59
136,60
137,64
138,47
139,73
140,63
141,98
142,52
143,15
144,55
145,95
146,86
147,66
148,51
149,58
150,58
151,37
152,37
153,59
154,9
155,63
156,37
157,84
158,24
159,42
160,36
161,27
162,75
163,0
164,55
165,47
166,54
167,93
168,34
169,83
170,40
171,43
172,33
173,16
174,30
175,53
176,67
177,73
178,14
179,5
180,31
181,3
182,48
183,98
184,55
185,3
186,94
187,95
188,43
189,70
190,86
191,7
192,83
193,83
194,94
195,24
196,82
197,42
198,18
199,87
200,6
201,95
202,68
203,44
204,79
205,71
206,24
207,52
208,55
209,52
210,30
211,2
212,49
213,97
214,37
215,33
216,2
217,95
218,83
219,21
220,16
221,49
222,69
223,2
224,58
225,72
226,0
227,33
228,78
229,12
230,95
231,57
232,85
233,24
234,46
235,54
236,31
237,57
238,62
239,38
240,69
241,24
242,64
243,21
244,86
245,62
246,51
247,64
248,33
249,39
250,27
251,16
252,80
253,61
254,77
255,66
256,27
257,3
258,34
259,42
260,80
261,30
262,58
263,66
264,48
265,91
266,82
267,57
268,6
269,82
270,57
271,70
272,96
273,57
274,42
275,28
276,30
277,36
278,69
279,62
280,42
281,87
282,97
283,58
284,73
285,66
286,7
287,55
288,63
289,53
290,63
291,38
292,81
293,93
294,59
295,5
296,58
297,72
298,15
299,66
300,33
301,40
302,5
303,79
304,95
305,34
306,76
307,31
308,79
309,30
310,37
311,18
312,41
313,42
314,80
315,34
316,72
317,80
318,50
319,8
320,60
321,90
322,64
323,67
324,12
325,26
326,37
327,92
328,94
329,48
330,71
331,36
332,69
333,83
334,23
335,60
336,30
337,80
338,64
339,69
340,5
341,54
342,71
343,62
344,99
345,64
346,41
347,24
348,83
349,94
350,68
351,34
352,95
353,89
354,8
355,12
356,63
357,33
358,92
359,27
360,67
361,39
362,60
363,94
364,63
365,32
366,26
367,54
368,85
369,90
370,12
371,33
372,55
373,7
374,85
375,91
376,7
377,0
378,94
379,34
380,78
381,51
382,41
383,68
384,69
385,4
386,98
387,73
388,85
389,61
390,40
391,98
392,34
393,30
394,44
395,42
396,2
397,68
398,52
399,99
400,46
401,63
402,2
403,12
404,57
405,98
406,95
407,16
408,73
409,26
410,40
411,50
412,71
413,80
414,11
415,66
416,65
417,37
418,62
419,42
420,21
421,8
422,55
423,42
424,71
425,97
426,65
427,22
428,66
429,21
430,79
431,5
432,69
433,80
434,54
435,51
436,85
437,30
438,22
439,0
440,11
441,42
442,90
443,85
444,51
445,90
446,38
447,7
448,50
449,58
450,82
451,0
452,87
453,78
454,36
455,20
456,42
457,42
458,78
459,5
460,76
461,94
462,69
463,86
464,62
465,66
466,96
467,17
468,6
469,10
470,79
471,64
472,77
473,7
474,72
475,14
476,56
477,59
478,80
479,12
480,90
481,75
482,64
483,41
484,21
485,99
486,15
487,16
488,73
489,95
490,51
491,94
492,60
493,91
494,78
495,73
496,98
497,72
498,89
499,71
500,97
501,5
502,37
503,98
504,64
505,41
506,74
507,58
508,47
509,95
510,68
511,11
512,36
513,95
514,57
515,57
516,73
517,36
518,70
519,54
520,27
521,89
522,66
523,40
524,62
525,17
526,73
527,42
528,33
529,18
530,90
531,63
532,8
533,71
534,11
535,18
536,76
537,80
538,99
539,57
540,64
541,51
542,36
543,42
544,67
545,72
546,33
547,54
548,68
549,74
550,33
551,11
552,30
553,3
554,56
555,42
556,62
557,89
558,64
559,47
560,93
561,42
562,35
563,53
564,33
565,96
566,57
567,83
568,2
569,31
570,53
571,67
572,48
573,2
574,90
575,12
576,51
577,34
578,90
579,67
580,15
581,58
582,57
583,61
584,61
585,41
586,64
587,38
588,40
589,98
590,77
591,12
592,91
593,56
594,18
595,24
596,66
597,73
598,54
599,2
600,29
601,72
602,57
603,85
604,47
605,88
606,66
607,90
608,38
609,51
610,62
611,57
612,19
613,16
614,70
615,41
616,28
617,51
618,36
619,90
620,60
621,48
622,12
623,0
624,85
625,38
626,48
627,37
628,72
629,82
630,28
631,94
632,2
633,64
634,62
635,96
636,61
637,32
638,10
639,94
640,29
641,85
642,90
643,73
644,85
645,82
646,85
647,94
648,72
649,87
650,15
651,84
652,89
653,66
654,97
655,70
656,40
657,5
658,89
659,64
660,29
661,8
662,94
663,31
664,94
665,82
666,5
667,63
668,36
669,11
670,93
671,30
672,83
673,4
674,51
675,28
676,79
677,91
678,43
679,68
680,51
681,4
682,54
683,0
684,97
685,26
686,41
687,21
688,95
689,36
690,72
691,2
692,86
693,62
694,74
695,99
696,4
697,25
698,30
699,78
700,42
701,38
702,72
703,67
704,79
705,42
706,38
707,85
708,48
709,90
710,80
711,81
712,64
713,1
714,82
715,57
716,34
717,21
718,33
719,57
720,64
721,76
722,57
723,87
724,54
725,73
726,61
727,21
728,62
729,14
730,10
731,8
732,18
733,12
734,94
735,42
736,40
737,34
738,83
739,57
740,67
741,50
742,4
743,66
744,61
745,41
746,66
747,18
748,2
749,82
750,74
751,40
752,48
753,54
754,51
755,71
756,8
757,88
758,1
759,24
760,41
761,94
762,33
763,71
764,65
765,2
766,62
767,28
768,54
769,12
770,71
771,5
772,95
773,20
774,79
775,21
776,70
777,63
778,58
779,70
780,12
781,80
782,1
783,66
784,12
785,71
786,22
787,99
788,82
789,14
790,48
791,89
792,90
793,53
794,3
795,49
796,85
797,94
798,62
799,31
800,40
801,23
802,2
803,21
804,69
805,78
806,86
807,53
808,37
809,80
810,35
811,44
812,36
813,52
814,65
815,32
816,14
817,36
818,36
819,7
820,33
821,66
822,87
823,35
824,23
825,54
826,48
827,2
828,36
829,69
830,11
831,62
832,55
833,34
834,2
835,12
836,76
837,71
838,56
839,37
840,84
841,53
842,35
843,41
844,90
845,78
846,21
847,21
848,94
849,66
850,98
851,6
852,34
853,71
854,80
855,1
856,90
857,84
858,29
859,45
860,73
861,96
862,16
863,33
864,87
865,35
866,36
867,68
868,7
869,53
870,66
871,88
872,38
873,53
874,83
875,42
876,55
877,35
878,70
879,34
880,25
881,26
882,49
883,51
884,14
885,78
886,49
887,2
888,36
889,69
890,36
891,7
892,12
893,93
894,59
895,37
896,99
897,97
898,90
899,18
900,55
901,15
902,15
903,20
904,33
905,99
906,40
907,11
908,49
909,50
910,38
911,87
912,8
913,56
914,52
915,80
916,11
917,5
918,45
919,21
920,34
921,89
922,90
923,58
924,52
925,82
926,77
927,82
928,9
929,3
930,2
931,71
932,40
933,60
934,8
935,23
936,34
937,34
938,54
939,31
940,23
941,54
942,62
943,71
944,23
945,42
946,76
947,88
948,66
949,47
950,47
951,39
952,88
953,51
954,84
955,5
956,12
957,5
958,69
959,34
960,38
961,47
962,72
963,51
964,34
965,72
966,30
967,47
968,62
969,34
970,60
971,63
972,63
973,24
974,22
975,69
976,90
977,19
978,70
979,40
980,11
981,34
982,63
983,66
984,31
985,66
986,42
987,35
988,90
989,21
990,49
991,33
992,64
993,33
994,70
995,89
996,36
997,12
998,53
999,91
1000,27
1001,23
1002,94
1003,6
1004,21
1005,12
1006,41
1007,93
1008,30
1009,51
1010,0
1011,36
1012,63
1013,65
1014,70
1015,84
1016,90
1017,80
1018,80
1019,8
1020,3
1021,52
1022,34
1023,8
1024,71
1025,37
1026,66
1027,0
1028,3
1029,41
1030,41
1031,86
1032,70
1033,97
1034,90
1035,34
1036,58
1037,55
1038,55
1039,30
1040,86
1041,93
1042,53
1043,39
1044,88
1045,71
1046,66
1047,16
1048,78
1049,83
1050,40
1051,12
1052,26
1053,30
1054,86
1055,72
1056,81
1057,43
1058,59
1059,85
1060,21
1061,90
1062,57
1063,71
1064,60
1065,36
1066,23
1067,64
1068,35
1069,19
1070,41
1071,74
1072,98
1073,32
1074,49
1075,69
1076,40
1077,33
1078,7
1079,95
1080,78
1081,89
1082,1
1083,90
1084,43
1085,65
1086,23
1087,30
1088,91
1089,47
1090,24
1091,66
1092,90
1093,30
1094,37
1095,26
1096,48
1097,53
1098,55
1099,68
1100,80
1101,38
1102,85
1103,10
1104,76
1105,33
1106,98
1107,71
1108,42
1109,60
1110,0
1111,0
1112,36
1113,69
1114,98
1115,48
1116,87
1117,53
1118,66
1119,25
1120,33
1121,94
1122,93
1123,38
1124,64
1125,99
1126,64
1127,32
1128,37
1129,71
1130,9
1131,69
1132,76
1133,42
1134,23
1135,20
1136,0
1137,62
1138,54
1139,27
1140,54
1141,23
1142,57
1143,58
1144,47
1145,13
1146,2
1147,51
1148,90
1149,63
1150,86
1151,15
1152,70
1153,49
1154,64
1155,58
1156,38
1157,62
1158,52
1159,36
1160,83
1161,33
1162,45
1163,12
1164,67
1165,42
1166,37
1167,24
1168,40
1169,15
1170,21
1171,92
1172,54
1173,0
1174,47
1175,46
1176,21
1177,51
1178,94
1179,66
1180,71
1181,38
1182,19
1183,21
1184,34
1185,30
1186,42
1187,15
1188,60
1189,27
1190,66
1191,26
1192,63
1193,62
1194,68
1195,49
1196,6
1197,21
1198,52
1199,21
1200,34
1201,55
1202,14
1203,35
1204,54
1205,37
1206,84
1207,85
1208,41
1209,14
1210,41
1211,65
1212,85
1213,60
1214,83
1215,2
1216,80
1217,7
1218,89
1219,36
1220,17
1221,69
1222,51
1223,71
1224,80
1225,62
1226,31
1227,11
1228,36
1229,30
1230,63
1231,32
1232,47
1233,7
1234,65
1235,2
1236,54
1237,53
1238,11
1239,98
1240,77
1241,83
1242,12
1243,24
1244,24
1245,82
1246,20
1247,76
1248,14
1249,40
1250,43
1251,96
1252,50
1253,46
1254,88
1255,54
1256,10
1257,33
1258,70
1259,98
1260,89
1261,85
1262,63
1263,66
1264,39
1265,53
1266,64
1267,72
1268,59
1269,20
1270,11
1271,90
1272,87
1273,46
1274,5
1275,50
1276,33
1277,88
1278,92
1279,30
1280,15
1281,33
1282,12
1283,64
1284,81
1285,30
1286,55
1287,35
1288,39
1289,41
1290,55
1291,12
1292,42
1293,68
1294,51
1295,66
1296,37
1297,66
1298,73
1299,39
1300,51
1301,34
1302,21
1303,56
1304,98
1305,52
1306,33
1307,30
1308,83
1309,77
1310,98
1311,72
1312,66
1313,42
1314,84
1315,50
1316,6
1317,54
1318,5
1319,71
1320,34
1321,89
1322,71
1323,25
1324,42
1325,78
1326,20
1327,58
1328,66
1329,37
1330,92
1331,25
1332,50
1333,5
1334,34
1335,47
1336,63
1337,42
1338,54
1339,21
1340,99
1341,20
1342,88
1343,68
1344,53
1345,42
1346,86
1347,39
1348,28
1349,43
1350,6
1351,46
1352,36
1353,30
1354,49
1355,68
1356,90
1357,52
1358,25
1359,99
1360,47
1361,12
1362,94
1363,16
1364,76
1365,11
1366,31
1367,32
1368,57
1369,96
1370,26
1371,15
1372,41
1373,0
1374,64
1375,63
1376,88
1377,52
1378,73
1379,55
1380,53
1381,94
1382,8
1383,58
1384,81
1385,29
1386,84
1387,51
1388,80
1389,87
1390,84
1391,41
1392,94
1393,71
1394,68
1395,52
1396,85
1397,34
1398,8
1399,11
1400,42
1401,83
1402,86
1403,34
1404,48
1405,80
1406,25
1407,36
1408,89
1409,42
1410,83
1411,51
1412,40
1413,75
1414,95
1415,94
1416,33
1417,52
1418,5
1419,83
1420,46
1421,68
1422,9
1423,38
1424,96
1425,34
1426,57
1427,11
1428,61
1429,36
1430,48
1431,64
1432,77
1433,36
1434,9
1435,81
1436,91
1437,36
1438,9
1439,36
1440,33
1441,57
1442,44
1443,73
1444,35
1445,12
1446,38
1447,24
1448,85
1449,15
1450,66
1451,56
1452,42
1453,63
1454,91
1455,78
1456,62
1457,61
1458,37
1459,99
1460,57
1461,11
1462,80
1463,48
1464,58
1465,71
1466,95
1467,55
1468,98
1469,42
1470,57
1471,25
1472,70
1473,54
1474,42
1475,65
1476,56
1477,49
1478,86
1479,40
1480,24
1481,27
1482,37
1483,70
1484,54
1485,53
1486,71
1487,65
1488,87
1489,58
1490,64
1491,58
1492,10
1493,36
1494,54
1495,5
1496,27
1497,33
1498,11
1499,21
1500,48
1501,47
1502,80
1503,34
1504,14
1505,14
1506,11
1507,5
1508,94
1509,24
1510,12
1511,42
1512,72
1513,3
1514,40
1515,77
1516,12
1517,78
1518,78
1519,64
1520,4
1521,80
1522,76
1523,21
1524,89
1525,20
1526,54
1527,56
1528,86
1529,8
1530,3
1531,63
1532,90
1533,62
1534,69
1535,47
1536,83
1537,10
1538,34
1539,73
1540,2
1541,1
1542,34
1543,82
1544,96
1545,48
1546,42
1547,68
1548,5
1549,26
1550,83
1551,67
1552,59
1553,99
1554,71
1555,55
1556,51
1557,21
1558,56
1559,86
1560,92
1561,86
1562,87
1563,39
1564,17
1565,52
1566,47
1567,34
1568,58
1569,97
1570,42
1571,80
1572,51
1573,5
1574,57
1575,56
1576,72
1577,95
1578,62
1579,5
1580,71
1581,11
1582,52
1583,33
1584,64
1585,34
1586,87
1587,43
1588,72
1589,70
1590,14
1591,26
1592,24
1593,33
1594,9
1595,52
1596,59
1597,58
1598,62
1599,64
1600,60
1601,56
1602,3
1603,57
1604,68
1605,7
1606,99
1607,88
1608,62
1609,0
1610,94
1611,74
1612,29
1613,3
1614,37
1615,11
1616,89
1617,37
1618,42
1619,21
1620,42
1621,21
1622,98
1623,55
1624,90
1625,61
1626,65
1627,24
1628,16
1629,65
1630,92
1631,70
1632,52
1633,40
1634,3
1635,37
1636,59
1637,0
1638,46
1639,37
1640,96
1641,94
1642,71
1643,66
1644,67
1645,54
1646,26
1647,33
1648,98
1649,39
1650,1
1651,51
1652,20
1653,47
1654,34
1655,90
1656,58
1657,94
1658,2
1659,56
1660,71
1661,38
1662,58
1663,1
1664,58
1665,46
1666,76
1667,67
1668,12
1669,28
1670,69
1671,48
1672,21
1673,75
1674,8
1675,8
1676,3
1677,57
1678,3
1679,78
1680,61
1681,37
1682,5
1683,96
1684,12
1685,12
1686,4
1687,15
1688,42
1689,33
1690,61
1691,94
1692,27
1693,86
1694,3
1695,33
1696,33
1697,55
1698,80
1699,24
1700,9
1701,64
1702,57
1703,29
1704,79
1705,93
1706,53
1707,7
1708,19
1709,58
1710,48
1711,46
1712,53
1713,62
1714,61
1715,21
1716,30
1717,85
1718,47
1719,0
1720,16
1721,42
1722,30
1723,44
1724,47
1725,33
1726,14
1727,80
1728,99
1729,61
1730,2
1731,63
1732,21
1733,90
1734,58
1735,69
1736,81
1737,72
1738,0
1739,65
1740,25
1741,85
1742,2
1743,53
1744,30
1745,12
1746,21
1747,64
1748,71
1749,33
1750,30
1751,23
1752,37
1753,79
1754,65
1755,88
1756,89
1757,15
1758,98
1759,2
1760,62
1761,66
1762,34
1763,59
1764,8
1765,83
1766,20
1767,3
1768,67
1769,72
1770,12
1771,51
1772,27
1773,24
1774,68
1775,64
1776,37
1777,56
1778,46
1779,34
1780,1
1781,82
1782,33
1783,3
1784,86
1785,21
1786,86
1787,63
1788,97
1789,0
1790,56
1791,2
1792,94
1793,84
1794,34
1795,35
1796,65
1797,12
1798,34
1799,34
1800,14
1801,29
1802,18
1803,52
1804,34
1805,26
1806,42
1807,11
1808,86
1809,64
1810,93
1811,14
1812,58
1813,84
1814,68
1815,44
1816,99
1817,84
1818,82
1819,40
1820,51
1821,61
1822,84
1823,77
1824,54
1825,12
1826,73
1827,36
1828,32
1829,41
1830,47
1831,95
1832,49
1833,35
1834,48
1835,17
1836,80
1837,94
1838,55
1839,88
1840,30
1841,74
1842,28
1843,42
1844,73
1845,57
1846,81
1847,64
1848,85
1849,55
1850,71
1851,2
1852,30
1853,80
1854,53
1855,52
1856,56
1857,28
1858,37
1859,53
1860,71
1861,41
1862,86
1863,57
1864,89
1865,36
1866,28
1867,57
1868,39
1869,33
1870,53
1871,58
1872,27
1873,17
1874,40
1875,68
1876,15
1877,6
1878,62
1879,68
1880,78
1881,47
1882,64
1883,55
1884,53
1885,95
1886,86
1887,80
1888,28
1889,71
1890,23
1891,52
1892,24
1893,96
1894,12
1895,32
1896,95
1897,64
1898,56
1899,34
1900,81
1901,80
1902,86
1903,61
1904,60
1905,30
1906,59
1907,37
1908,26
1909,94
1910,24
1911,60
1912,99
1913,89
1914,89
1915,78
1916,55
1917,79
1918,36
1919,21
1920,14
1921,42
1922,96
1923,80
1924,31
1925,0
1926,43
1927,94
1928,8
1929,72
1930,28
1931,34
1932,20
1933,36
1934,27
1935,69
1936,11
1937,37
1938,91
1939,42
1940,49
1941,11
1942,14
1943,36
1944,16
1945,4
1946,83
1947,24
1948,5
1949,42
1950,71
1951,66
1952,85
1953,6
1954,11
1955,23
1956,95
1957,21
1958,34
1959,62
1960,1
1961,19
1962,49
1963,8
1964,38
1965,78
1966,53
1967,70
1968,98
1969,36
1970,39
1971,34
1972,69
1973,55
1974,95
1975,41
1976,58
1977,93
1978,98
1979,35
1980,90
1981,96
1982,61
1983,45
1984,42
1985,58
1986,73
1987,51
1988,95
1989,35
1990,35
1991,31
1992,40
1993,45
1994,42
1995,66
1996,15
1997,10
1998,12
1999,88
2000,62
2001,41
2002,56
2003,80
2004,90
2005,38
2006,39
2007,41
2008,73
2009,66
2010,36
2011,9
2012,70
2013,96
2014,4
2015,53
2016,3
2017,53
2018,70
2019,58
2020,34
2021,55
2022,11
2023,91
2024,72
2025,90
2026,25
2027,21
2028,11
2029,38
2030,95
2031,85
2032,52
2033,48
2034,54
2035,79
2036,64
2037,94
2038,57
2039,78
2040,12
2041,46
2042,19
2043,57
2044,28
2045,33
2046,63
2047,78
2048,42
2049,94
2050,21
2051,42
2052,67
2053,49
2054,95
2055,39
2056,55
2057,9
2058,53
2059,99
2060,71
2061,57
2062,87
2063,12
2064,37
2065,68
2066,48
2067,79
2068,5
2069,83
2070,15
2071,48
2072,45
2073,45
2074,13
2075,27
2076,73
2077,83
2078,56
2079,21
2080,29
2081,91
2082,48
2083,61
2084,32
2085,30
2086,20
2087,52
2088,57
2089,36
2090,34
2091,71
2092,21
2093,4
2094,64
2095,11
2096,86
2097,80
2098,11
2099,44
2100,58
2101,56
2102,42
2103,57
2104,40
2105,12
2106,11
2107,51
2108,20
2109,68
2110,74
2111,76
2112,21
2113,64
2114,56
2115,54
2116,55
2117,64
2118,36
2119,66
2120,99
2121,81
2122,12
2123,41
2124,40
2125,79
2126,5
2127,87
2128,86
2129,66
2130,21
2131,80
2132,36
2133,90
2134,16
2135,71
2136,38
2137,62
2138,30
2139,96
2140,65
2141,32
2142,80
2143,7
2144,52
2145,15
2146,81
2147,15
2148,78
2149,30
2150,52
2151,28
2152,57
2153,68
2154,16
2155,95
2156,2
2157,37
2158,77
2159,52
2160,33
2161,20
2162,11
2163,24
2164,60
2165,49
2166,73
2167,54
2168,9
2169,79
2170,90
2171,17
2172,42
2173,27
2174,8
2175,57
2176,57
2177,58
2178,12
2179,66
2180,89
2181,36
2182,19
2183,56
2184,65
2185,7
2186,67
2187,35
2188,63
2189,8
2190,34
2191,85
2192,98
2193,69
2194,14
2195,20
2196,71
2197,88
2198,94
2199,37
2200,33
2201,41
2202,99
2203,58
2204,84
2205,66
2206,97
2207,69
2208,73
2209,98
2210,66
2211,66
2212,57
2213,61
2214,33
2215,78
2216,57
2217,89
2218,69
2219,84
2220,51
2221,35
2222,0
2223,36
2224,89
2225,83
2226,30
2227,51
2228,90
2229,62
2230,42
2231,2
2232,56
2233,59
2234,14
2235,60
2236,60
2237,36
2238,83
2239,57
2240,18
2241,38
2242,48
2243,53
2244,73
2245,86
2246,21
2247,71
2248,65
2249,34
2250,17
2251,33
2252,17
2253,50
2254,13
2255,6
2256,99
2257,36
2258,80
2259,88
2260,85
2261,63
2262,90
2263,40
2264,3
2265,78
2266,65
2267,34
2268,18
2269,88
2270,47
2271,57
2272,78
2273,44
2274,62
2275,50
2276,63
2277,69
2278,21
2279,46
2280,32
2281,2
2282,56
2283,56
2284,12
2285,12
2286,60
2287,66
2288,53
2289,5
2290,5
2291,19
2292,69
2293,62
2294,61
2295,61
2296,64
2297,37
2298,68
2299,51
2300,84
2301,3
2302,7
2303,53
2304,71
2305,36
2306,95
2307,72
2308,99
2309,31
2310,89
2311,32
2312,42
2313,54
2314,41
2315,82
2316,2
2317,26
2318,27
2319,64
2320,60
2321,9
2322,99
2323,69
2324,95
2325,73
2326,95
2327,53
2328,70
2329,48
2330,80
2331,42
2332,51
2333,54
2334,98
2335,60
2336,34
2337,23
2338,91
2339,64
2340,94
2341,36
2342,97
2343,82
2344,34
2345,66
2346,95
2347,38
2348,5
2349,42
2350,49
2351,5
2352,11
2353,30
2354,23
2355,59
2356,43
2357,4
2358,11
2359,51
2360,96
2361,67
2362,94
2363,72
2364,68
2365,42
2366,38
2367,29
2368,32
2369,68
2370,66
2371,6
2372,17
2373,76
2374,34
2375,0
2376,17
2377,30
2378,87
2379,85
2380,41
2381,1
2382,20
2383,47
2384,80
2385,39
2386,11
2387,48
2388,98
2389,81
2390,21
2391,64
2392,90
2393,99
2394,61
2395,88
2396,58
2397,36
2398,0
2399,60
2400,70
2401,2
2402,59
2403,40
2404,71
2405,33
2406,70
2407,23
2408,52
2409,72
2410,70
2411,33
2412,61
2413,72
2414,83
2415,41
2416,72
2417,21
2418,12
2419,93
2420,21
2421,58
2422,17
2423,95
2424,42
2425,54
2426,0
2427,56
2428,3
2429,90
2430,53
2431,89
2432,94
2433,93
2434,45
2435,2
2436,1
2437,49
2438,38
2439,69
2440,66
2441,63
2442,30
2443,28
2444,67
2445,24
2446,82
2447,36
2448,39
2449,78
2450,30
2451,56
2452,2
2453,94
2454,2
2455,65
2456,89
2457,63
2458,95
2459,54
2460,41
2461,24
2462,65
2463,22
2464,7
2465,80
2466,43
2467,53
2468,21
2469,88
2470,9
2471,63
2472,76
2473,33
2474,5
2475,95
2476,21
2477,38
2478,59
2479,85
2480,15
2481,90
2482,91
2483,94
2484,85
2485,63
2486,77
2487,37
2488,0
2489,19
2490,42
2491,71
2492,85
2493,12
2494,28
2495,17
2496,27
2497,11
2498,86
2499,49
2500,23
2501,40
2502,74
2503,17
2504,60
2505,69
2506,90
2507,73
2508,45
2509,77
2510,84
2511,9
2512,0
2513,32
2514,68
2515,57
2516,62
2517,34
2518,29
2519,51
2520,85
2521,42
2522,23
2523,53
2524,49
2525,26
2526,67
2527,34
2528,66
2529,94
2530,70
2531,47
2532,30
2533,61
2534,50
2535,37
2536,63
2537,79
2538,23
2539,76
2540,45
2541,42
2542,81
2543,66
2544,34
2545,82
2546,66
2547,57
2548,66
2549,71
2550,76
2551,60
2552,2
2553,51
2554,19
2555,66
2556,58
2557,28
2558,58
2559,57
2560,62
2561,26
2562,33
2563,8
2564,4
2565,40
2566,85
2567,43
2568,66
2569,90
2570,42
2571,16
2572,14
2573,21
2574,73
2575,71
2576,25
2577,42
2578,20
2579,92
2580,66
2581,5
2582,60
2583,66
2584,90
2585,63
2586,86
2587,15
2588,60
2589,57
2590,66
2591,83
2592,73
2593,6
2594,52
2595,56
2596,81
2597,3
2598,31
2599,44
2600,46
2601,44
2602,12
2603,57
2604,53
2605,45
2606,17
2607,35
2608,91
2609,37
2610,2
2611,73
2612,21
2613,23
2614,84
2615,63
2616,51
2617,21
2618,64
2619,42
2620,80
2621,54
2622,65
2623,64
2624,37
2625,43
2626,32
2627,83
2628,52
2629,59
2630,43
2631,33
2632,2
2633,36
2634,38
2635,31
2636,81
2637,5
2638,14
2639,90
2640,49
2641,54
2642,66
2643,54
2644,67
2645,70
2646,74
2647,34
2648,0
2649,41
2650,78
2651,16
2652,8
2653,55
2654,4
2655,7
2656,54
2657,21
2658,42
2659,51
2660,12
2661,20
2662,85
2663,14
2664,74
2665,12
2666,94
2667,2
2668,87
2669,90
2670,66
2671,34
2672,59
2673,66
2674,58
2675,45
2676,83
2677,43
2678,27
2679,50
2680,90
2681,66
2682,79
2683,36
2684,20
2685,54
2686,16
2687,42
2688,91
2689,84
2690,56
2691,99
2692,2
2693,62
2694,54
2695,94
2696,71
2697,51
2698,58
2699,96
2700,49
2701,60
2702,66
2703,32
2704,38
2705,46
2706,19
2707,90
2708,19
2709,60
2710,49
2711,36
2712,33
2713,5
2714,78
2715,94
2716,87
2717,94
2718,65
2719,90
2720,77
2721,64
2722,85
2723,69
2724,67
2725,56
2726,55
2727,7
2728,66
2729,61
2730,69
2731,73
2732,3
2733,80
2734,47
2735,68
2736,41
2737,36
2738,41
2739,36
2740,56
2741,65
2742,79
2743,2
2744,37
2745,35
2746,72
2747,42
2748,52
2749,68
2750,78
2751,83
2752,53
2753,69
2754,36
2755,33
2756,2
2757,34
2758,21
2759,34
2760,34
2761,65
2762,5
2763,43
2764,64
2765,23
2766,53
2767,34
2768,38
2769,27
2770,59
2771,57
2772,30
2773,32
2774,54
2775,40
2776,55
2777,98
2778,42
2779,69
2780,97
2781,15
2782,62
2783,83
2784,6
2785,54
2786,37
2787,25
2788,41
2789,76
2790,5
2791,35
2792,69
2793,21
2794,73
2795,68
2796,89
2797,57
2798,65
2799,80
2800,96
2801,37
2802,85
2803,53
2804,54
2805,88
2806,9
2807,72
2808,79
2809,4
2810,42
2811,83
2812,61
2813,60
2814,62
2815,70
2816,5
2817,87
2818,1
2819,36
2820,64
2821,36
2822,16
2823,63
2824,83
2825,50
2826,66
2827,42
2828,80
2829,12
2830,1
2831,82
2832,37
2833,54
2834,15
2835,55
2836,45
2837,39
2838,51
2839,7
2840,86
2841,74
2842,97
2843,90
2844,77
2845,79
2846,37
2847,34
2848,46
2849,63
2850,17
2851,60
2852,60
2853,5
2854,53
2855,12
2856,62
2857,48
2858,19
2859,7
2860,8
2861,42
2862,38
2863,11
2864,46
2865,70
2866,16
2867,11
2868,98
2869,86
2870,57
2871,89
2872,27
2873,89
2874,46
2875,68
2876,85
2877,47
2878,28
2879,21
2880,70
2881,71
2882,58
2883,64
2884,42
2885,8
2886,47
2887,14
2888,21
2889,36
2890,53
2891,64
2892,68
2893,59
2894,57
2895,11
2896,0
2897,21
2898,89
2899,5
2900,21
2901,42
2902,90
2903,53
2904,57
2905,86
2906,51
2907,10
2908,71
2909,38
2910,63
2911,90
2912,27
2913,5
2914,64
2915,87
2916,78
2917,84
2918,62
2919,31
2920,43
2921,99
2922,5
2923,11
2924,80
2925,97
2926,29
2927,55
2928,71
2929,21
2930,51
2931,47
2932,95
2933,86
2934,46
2935,11
2936,86
2937,36
2938,53
2939,35
2940,66
2941,42
2942,51
2943,24
2944,87
2945,36
2946,29
2947,30
2948,64
2949,15
2950,23
2951,65
2952,84
2953,53
2954,12
2955,89
2956,31
2957,65
2958,30
2959,34
2960,0
2961,21
2962,79
2963,54
2964,80
2965,20
2966,31
2967,66
2968,11
2969,30
2970,67
2971,53
2972,82
2973,24
2974,52
2975,78
2976,67
2977,96
2978,99
2979,42
2980,64
2981,39
2982,95
2983,67
2984,78
2985,41
2986,64
2987,86
2988,0
2989,57
2990,51
2991,71
2992,90
2993,57
2994,40
2995,60
2996,32
2997,58
2998,66
2999,73
3000,51
3001,1
3002,40
3003,37
3004,55
3005,0
3006,11
3007,49
3008,14
3009,42
3010,64
3011,11
3012,21
3013,33
3014,83
3015,33
3016,21
3017,47
3018,26
3019,44
3020,51
3021,71
3022,54
3023,38
3024,38
3025,21
3026,5
3027,85
3028,83
3029,77
3030,97
3031,18
3032,37
3033,66
3034,60
3035,78
3036,37
3037,92
3038,6
3039,42
3040,40
3041,55
3042,86
3043,63
3044,45
3045,19
3046,12
3047,75
3048,55
3049,42
3050,51
3051,80
3052,70
3053,94
3054,90
3055,24
3056,53
3057,41
3058,12
3059,83
3060,81
3061,79
3062,89
3063,95
3064,76
3065,67
3066,0
3067,55
3068,11
3069,91
3070,51
3071,73
3072,32
3073,47
3074,49
3075,55
3076,90
3077,71
3078,78
3079,7
3080,12
3081,9
3082,87
3083,39
3084,90
3085,35
3086,21
3087,5
3088,43
3089,89
3090,19
3091,94
3092,55
3093,11
3094,14
3095,2
3096,17
3097,68
3098,9
3099,63
3100,58
3101,99
3102,97
3103,45
3104,42
3105,24
3106,56
3107,57
3108,37
3109,40
3110,68
3111,53
3112,44
3113,63
3114,21
3115,53
3116,85
3117,71
3118,66
3119,65
3120,49
3121,31
3122,9
3123,57
3124,40
3125,34
3126,35
3127,64
3128,83
3129,63
3130,80
3131,26
3132,54
3133,36
3134,58
3135,64
3136,1
3137,71
3138,5
3139,12
3140,18
3141,57
3142,73
3143,63
3144,58
3145,48
3146,40
3147,93
3148,4
3149,94
3150,12
3151,46
3152,71
3153,15
3154,47
3155,38
3156,63
3157,64
3158,95
3159,71
3160,2
3161,7
3162,36
3163,49
3164,47
3165,37
3166,19
3167,76
3168,56
3169,21
3170,2
3171,61
3172,27
3173,59
3174,45
3175,33
3176,65
3177,45
3178,15
3179,88
3180,26
3181,41
3182,79
3183,72
3184,45
3185,66
3186,20
3187,2
3188,26
3189,5
3190,1
3191,57
3192,43
3193,45
3194,32
3195,47
3196,24
3197,85
3198,21
3199,58
3200,64
3201,86
3202,33
3203,87
3204,68
3205,23
3206,92
3207,55
3208,68
3209,2
3210,2
3211,70
3212,64
3213,69
3214,40
3215,5
3216,9
3217,54
3218,52
3219,85
3220,96
3221,30
3222,64
3223,90
3224,55
3225,71
3226,5
3227,54
3228,95
3229,98
3230,19
3231,7
3232,58
3233,6
3234,99
3235,10
3236,58
3237,19
3238,5
3239,69
3240,48
3241,2
3242,37
3243,49
3244,60
3245,94
3246,56
3247,39
3248,90
3249,93
3250,21
3251,90
3252,99
3253,61
3254,63
3255,85
3256,8
3257,54
3258,33
3259,85
3260,53
3261,42
3262,99
3263,71
3264,66
3265,63
3266,57
3267,56
3268,11
3269,69
3270,64
3271,86
3272,30
3273,2
3274,54
3275,42
3276,90
3277,73
3278,27
3279,9
3280,81
3281,81
3282,61
3283,57
3284,58
3285,71
3286,70
3287,33
3288,32
3289,71
3290,71
3291,42
3292,57
3293,20
3294,17
3295,30
3296,12
3297,91
3298,39
3299,6
3300,73
3301,96
3302,28
3303,56
3304,73
3305,88
3306,45
3307,54
3308,16
3309,65
3310,30
3311,82
3312,86
3313,2
3314,79
3315,90
3316,28
3317,24
3318,79
3319,90
3320,16
3321,5
3322,73
3323,60
3324,33
3325,49
3326,92
3327,57
3328,51
3329,65
3330,60
3331,48
3332,1
3333,4
3334,16
3335,62
3336,80
3337,62
3338,27
3339,68
3340,38
3341,7
3342,79
3343,56
3344,83
3345,14
3346,37
3347,37
3348,86
3349,20
3350,16
3351,21
3352,80
3353,53
3354,14
3355,53
3356,41
3357,60
3358,53
3359,11
3360,53
3361,1
3362,34
3363,69
3364,20
3365,64
3366,53
3367,70
3368,34
3369,89
3370,39
3371,64
3372,63
3373,99
3374,5
3375,83
3376,89
3377,58
3378,94
3379,34
3380,72
3381,4
3382,42
3383,33
3384,54
3385,22
3386,57
3387,88
3388,71
3389,89
3390,42
3391,45
3392,49
3393,46
3394,94
3395,54
3396,51
3397,2
3398,85
3399,99
3400,70
3401,89
3402,82
3403,63
3404,80
3405,11
3406,83
3407,8
3408,30
3409,20
3410,12
3411,21
3412,56
3413,53
3414,71
3415,81
3416,59
3417,7
3418,10
3419,69
3420,74
3421,53
3422,90
3423,31
3424,60
3425,36
3426,33
3427,65
3428,66
3429,57
3430,12
3431,36
3432,83
3433,89
3434,48
3435,1
3436,71
3437,16
3438,5
3439,69
3440,56
3441,52
3442,86
3443,93
3444,25
3445,21
3446,24
3447,66
3448,76
3449,83
3450,94
3451,57
3452,20
3453,40
3454,15
3455,71
3456,66
3457,67
3458,71
3459,29
3460,57
3461,79
3462,32
3463,20
3464,52
3465,47
3466,49
3467,42
3468,34
3469,21
3470,57
3471,71
3472,0
3473,21
3474,57
3475,43
3476,68
3477,31
3478,81
3479,78
3480,21
3481,2
3482,47
3483,91
3484,66
3485,54
3486,14
3487,46
3488,30
3489,12
3490,37
3491,45
3492,57
3493,98
3494,71
3495,73
3496,11
3497,53
3498,66
3499,1
3500,12
3501,66
3502,42
3503,29
3504,26
3505,44
3506,35
3507,61
3508,41
3509,57
3510,0
3511,45
3512,62
3513,37
3514,21
3515,56
3516,70
3517,51
3518,0
3519,58
3520,41
3521,62
3522,80
3523,15
3524,95
3525,48
3526,43
3527,99
3528,66
3529,82
3530,95
3531,53
3532,89
3533,80
3534,2
3535,46
3536,69
3537,13
3538,65
3539,56
3540,6
3541,60
3542,77
3543,14
3544,28
3545,2
3546,89
3547,43
3548,16
3549,31
3550,42
3551,47
3552,33
3553,38
3554,1
3555,23
3556,89
3557,24
3558,78
3559,62
3560,12
3561,20
3562,18
3563,99
3564,12
3565,19
3566,41
3567,4
3568,24
3569,3
3570,5
3571,55
3572,71
3573,24
3574,56
3575,86
3576,41
3577,64
3578,42
3579,45
3580,63
3581,45
3582,96
3583,90
3584,15
3585,80
3586,33
3587,30
3588,57
3589,32
3590,66
3591,8
3592,53
3593,69
3594,99
3595,95
3596,41
3597,3
3598,42
3599,58
3600,96
3601,62
3602,79
3603,0
3604,73
3605,31
3606,90
3607,99
3608,34
3609,28
3610,34
3611,23
3612,71
3613,51
3614,24
3615,98
3616,35
3617,30
3618,29
3619,18
3620,44
3621,99
3622,94
3623,66
3624,47
3625,54
3626,51
3627,87
3628,55
3629,23
3630,85
3631,14
3632,1
3633,73
3634,54
3635,52
3636,51
3637,52
3638,45
3639,74
3640,68
3641,61
3642,58
3643,37
3644,34
3645,52
3646,36
3647,63
3648,59
3649,93
3650,86
3651,57
3652,66
3653,21
3654,94
3655,12
3656,42
3657,41
3658,56
3659,78
3660,55
3661,30
3662,90
3663,55
3664,73
3665,14
3666,71
3667,56
3668,65
3669,91
3670,12
3671,45
3672,71
3673,14
3674,66
3675,51
3676,7
3677,17
3678,69
3679,2
3680,88
3681,16
3682,56
3683,22
3684,68
3685,3
3686,53
3687,97
3688,13
3689,2
3690,32
3691,70
3692,51
3693,8
3694,64
3695,86
3696,33
3697,62
3698,99
3699,42
3700,98
3701,58
3702,94
3703,60
3704,61
3705,94
3706,5
3707,73
3708,51
3709,50
3710,12
3711,65
3712,94
3713,64
3714,63
3715,41
3716,89
3717,52
3718,27
3719,12
3720,98
3721,12
3722,41
3723,22
3724,2
3725,0
3726,93
3727,15
3728,36
3729,42
3730,94
3731,64
3732,90
3733,42
3734,51
3735,47
3736,88
3737,49
3738,69
3739,21
3740,58
3741,30
3742,51
3743,61
3744,99
3745,55
3746,88
3747,42
3748,24
3749,65
3750,79
3751,57
3752,10
3753,61
3754,45
3755,58
3756,31
3757,53
3758,89
3759,4
3760,2
3761,47
3762,20
3763,58
3764,56
3765,25
3766,64
3767,55
3768,57
3769,90
3770,82
3771,8
3772,10
3773,56
3774,49
3775,92
3776,45
3777,63
3778,99
3779,42
3780,5
3781,26
3782,79
3783,86
3784,78
3785,72
3786,87
3787,94
3788,4
3789,57
3790,12
3791,96
3792,90
3793,87
3794,54
3795,41
3796,30
3797,40
3798,3
3799,78
3800,33
3801,0
3802,90
3803,63
3804,91
3805,63
3806,94
3807,86
3808,59
3809,46
3810,76
3811,47
3812,90
3813,60
3814,78
3815,0
3816,66
3817,34
3818,96
3819,63
3820,84
3821,66
3822,49
3823,2
3824,63
3825,58
3826,11
3827,38
3828,83
3829,56
3830,14
3831,11
3832,47
3833,18
3834,11
3835,94
3836,61
3837,73
3838,39
3839,16
3840,19
3841,36
3842,59
3843,73
3844,34
3845,21
3846,45
3847,6
3848,94
3849,78
3850,9
3851,69
3852,3
3853,9
3854,38
3855,2
3856,87
3857,48
3858,66
3859,34
3860,73
3861,55
3862,42
3863,73
3864,41
3865,47
3866,27
3867,94
3868,40
3869,35
3870,57
3871,14
3872,30
3873,8
3874,65
3875,31
3876,33
3877,38
3878,12
3879,31
3880,63
3881,42
3882,42
3883,7
3884,43
3885,57
3886,86
3887,37
3888,40
3889,75
3890,11
3891,37
3892,75
3893,86
3894,90
3895,25
3896,79
3897,85
3898,79
3899,4
3900,58
3901,87
3902,72
3903,98
3904,78
3905,60
3906,9
3907,51
3908,34
3909,12
3910,43
3911,69
3912,84
3913,89
3914,41
3915,66
3916,72
3917,59
3918,92
3919,26
3920,90
3921,3
3922,64
3923,4
3924,94
3925,36
3926,40
3927,78
3928,32
3929,49
3930,84
3931,56
3932,54
3933,12
3934,56
3935,72
3936,68
3937,98
3938,71
3939,21
3940,86
3941,87
3942,82
3943,57
3944,33
3945,33
3946,10
3947,83
3948,35
3949,76
3950,49
3951,64
3952,35
3953,92
3954,17
3955,78
3956,95
3957,75
3958,57
3959,6
3960,80
3961,42
3962,83
3963,27
3964,71
3965,96
3966,66
3967,28
3968,42
3969,47
3970,37
3971,41
3972,8
3973,23
3974,48
3975,82
3976,7
3977,9
3978,92
3979,98
3980,48
3981,41
3982,63
3983,72
3984,57
3985,34
3986,66
3987,24
3988,21
3989,21
3990,21
3991,31
3992,60
3993,44
3994,63
3995,6
3996,9
3997,84
3998,21
3999,52
4000,69
4001,58
4002,2
4003,66
4004,41
4005,51
4006,2
4007,12
4008,63
4009,62
4010,86
4011,4
4012,70
4013,57
4014,87
4015,64
4016,72
4017,30
4018,17
4019,37
4020,57
4021,14
4022,55
4023,7
4024,76
4025,49
4026,35
4027,58
4028,26
4029,31
4030,42
4031,94
4032,89
4033,94
4034,94
4035,47
4036,2
4037,61
4038,66
4039,42
4040,42
4041,37
4042,19
4043,11
4044,85
4045,53
4046,34
4047,41
4048,69
4049,38
4050,64
4051,42
4052,62
4053,17
4054,57
4055,41
4056,46
4057,50
4058,45
4059,38
4060,37
4061,20
4062,70
4063,32
4064,41
4065,33
4066,57
4067,67
4068,40
4069,71
4070,77
4071,2
4072,43
4073,57
4074,30
4075,42
4076,89
4077,84
4078,33
4079,99
4080,11
4081,77
4082,90
4083,59
4084,74
4085,30
4086,47
4087,5
4088,49
4089,77
4090,3
4091,43
4092,71
4093,69
4094,21
4095,81
4096,55
4097,34
4098,43
4099,53
4100,25
4101,4
4102,86
4103,82
4104,12
4105,69
4106,66
4107,41
4108,74
4109,26
4110,35
4111,61
4112,70
4113,79
4114,86
4115,11
4116,40
4117,15
4118,51
4119,80
4120,87
4121,68
4122,17
4123,66
4124,59
4125,48
4126,56
4127,38
4128,48
4129,89
4130,60
4131,42
4132,62
4133,37
4134,84
4135,78
4136,37
4137,12
4138,38
4139,24
4140,71
4141,11
4142,23
4143,40
4144,0
4145,32
4146,93
4147,86
4148,1
4149,33
4150,83
4151,48
4152,90
4153,66
4154,78
4155,34
4156,63
4157,4
4158,76
4159,57
4160,23
4161,89
4162,81
4163,91
4164,98
4165,67
4166,28
4167,71
4168,43
4169,73
4170,80
4171,94
4172,12
4173,89
4174,10
4175,62
4176,36
4177,42
4178,2
4179,87
4180,2
4181,21
4182,43
4183,64
4184,91
4185,52
4186,20
4187,63
4188,78
4189,68
4190,78
4191,21
4192,60
4193,69
4194,17
4195,99
4196,84
4197,72
4198,64
4199,76
4200,89
4201,85
4202,30
4203,84
4204,97
4205,45
4206,5
4207,71
4208,16
4209,96
4210,32
4211,89
4212,60
4213,47
4214,41
4215,4
4216,92
4217,57
4218,7
4219,29
4220,95
4221,57
4222,90
4223,29
4224,36
4225,80
4226,11
4227,2
4228,49
4229,92
4230,54
4231,97
4232,56
4233,54
4234,64
4235,69
4236,80
4237,7
4238,21
4239,8
4240,34
4241,26
4242,48
4243,86
4244,30
4245,94
4246,27
4247,11
4248,33
4249,34
4250,19
4251,33
4252,61
4253,5
4254,64
4255,80
4256,25
4257,2
4258,86
4259,20
4260,68
4261,59
4262,95
4263,2
4264,64
4265,14
4266,57
4267,38
4268,18
4269,38
4270,87
4271,23
4272,14
4273,79
4274,8
4275,30
4276,21
4277,35
4278,95
4279,55
4280,24
4281,5
4282,30
4283,64
4284,42
4285,65
4286,26
4287,37
4288,42
4289,0
4290,85
4291,12
4292,80
4293,51
4294,78
4295,51
4296,33
4297,61
4298,72
4299,85
4300,41
4301,61
4302,3
4303,34
4304,34
4305,21
4306,5
4307,83
4308,36
4309,56
4310,60
4311,78
4312,1
4313,34
4314,94
4315,1
4316,58
4317,98
4318,91
4319,50
4320,42
4321,84
4322,5
4323,50
4324,28
4325,40
4326,57
4327,12
4328,61
4329,54
4330,60
4331,36
4332,96
4333,43
4334,28
4335,58
4336,70
4337,58
4338,54
4339,71
4340,0
4341,99
4342,51
4343,56
4344,27
4345,64
4346,57
4347,79
4348,0
4349,15
4350,8
4351,30
4352,34
4353,15
4354,84
4355,65
4356,73
4357,71
4358,63
4359,91
4360,57
4361,45
4362,56
4363,11
4364,7
4365,64
4366,89
4367,0
4368,9
4369,8
4370,56
4371,67
4372,9
4373,9
4374,56
4375,63
4376,82
4377,57
4378,65
4379,37
4380,56
4381,49
4382,94
4383,33
4384,94
4385,88
4386,15
4387,39
4388,55
4389,54
4390,65
4391,54
4392,24
4393,11
4394,51
4395,94
4396,54
4397,42
4398,96
4399,2
4400,24
4401,6
4402,65
4403,83
4404,89
4405,74
4406,68
4407,24
4408,69
4409,94
4410,66
4411,36
4412,14
4413,33
4414,66
4415,90
4416,71
4417,44
4418,7
4419,37
4420,2
4421,68
4422,79
4423,66
4424,64
4425,41
4426,70
4427,66
4428,48
4429,38
4430,50
4431,83
4432,88
4433,0
4434,11
4435,36
4436,21
4437,49
4438,83
4439,39
4440,79
4441,11
4442,6
4443,86
4444,20
4445,91
4446,93
4447,54
4448,40
4449,51
4450,43
4451,65
4452,65
4453,83
4454,57
4455,33
4456,58
4457,7
4458,23
4459,54
4460,47
4461,14
4462,48
4463,13
4464,89
4465,96
4466,94
4467,91
4468,58
4469,27
4470,66
4471,93
4472,7
4473,66
4474,14
4475,22
4476,51
4477,51
4478,75
4479,30
4480,57
4481,73
4482,34
4483,75
4484,98
4485,14
4486,59
4487,14
4488,34
4489,12
4490,12
4491,38
4492,71
4493,18
4494,90
4495,78
4496,34
4497,15
4498,37
4499,47
4500,9
4501,55
4502,62
4503,30
4504,75
4505,51
4506,58
4507,9
4508,90
4509,38
4510,90
4511,86
4512,21
4513,85
4514,34
4515,37
4516,51
4517,78
4518,5
4519,57
4520,94
4521,89
4522,30
4523,28
4524,69
4525,36
4526,2
4527,80
4528,36
4529,97
4530,96
4531,34
4532,63
4533,23
4534,53
4535,91
4536,81
4537,51
4538,15
4539,98
4540,71
4541,63
4542,52
4543,92
4544,2
4545,34
4546,7
4547,24
4548,80
4549,42
4550,80
4551,99
4552,1
4553,52
4554,75
4555,78
4556,60
4557,70
4558,4
4559,40
4560,49
4561,42
4562,61
4563,79
4564,24
4565,26
4566,73
4567,70
4568,25
4569,78
4570,65
4571,30
4572,98
4573,21
4574,98
4575,54
4576,42
4577,51
4578,41
4579,65
4580,95
4581,53
4582,59
4583,59
4584,90
4585,72
4586,78
4587,83
4588,58
4589,91
4590,14
4591,24
4592,95
4593,27
4594,32
4595,61
4596,93
4597,49
4598,60
4599,63
4600,83
4601,49
4602,97
4603,63
4604,96
4605,40
4606,34
4607,61
4608,33
4609,88
4610,36
4611,42
4612,64
4613,0
4614,72
4615,49
4616,7
4617,52
4618,66
4619,99
4620,59
4621,42
4622,48
4623,56
4624,62
4625,29
4626,4
4627,21
4628,21
4629,61
4630,38
4631,94
4632,47
4633,84
4634,43
4635,98
4636,66
4637,18
4638,81
4639,56
4640,0
4641,46
4642,12
4643,67
4644,80
4645,72
4646,17
4647,27
4648,31
4649,66
4650,95
4651,68
4652,21
4653,82
4654,39
4655,2
4656,58
4657,52
4658,90
4659,91
4660,54
4661,12
4662,18
4663,15
4664,66
4665,9
4666,57
4667,64
4668,5
4669,83
4670,71
4671,79
4672,42
4673,56
4674,35
4675,66
4676,70
4677,42
4678,58
4679,44
4680,58
4681,13
4682,33
4683,9
4684,62
4685,33
4686,7
4687,36
4688,70
4689,33
4690,11
4691,89
4692,21
4693,58
4694,89
4695,91
4696,4
4697,57
4698,40
4699,54
4700,51
4701,62
4702,2
4703,34
4704,37
4705,54
4706,34
4707,63
4708,3
4709,86
4710,51
4711,43
4712,33
4713,5
4714,43
4715,21
4716,39
4717,57
4718,30
4719,47
4720,63
4721,56
4722,20
4723,71
4724,85
4725,16
4726,47
4727,15
4728,79
4729,96
4730,47
4731,89
4732,79
4733,74
4734,94
4735,54
4736,84
4737,96
4738,91
4739,39
4740,33
4741,41
4742,6
4743,30
4744,49
4745,19
4746,82
4747,52
4748,14
4749,51
4750,2
4751,42
4752,84
4753,83
4754,7
4755,57
4756,12
4757,80
4758,86
4759,67
4760,62
4761,23
4762,56
4763,12
4764,73
4765,8
4766,36
4767,53
4768,47
4769,90
4770,95
4771,86
4772,93
4773,84
4774,12
4775,1
4776,95
4777,36
4778,63
4779,51
4780,0
4781,24
4782,23
4783,64
4784,80
4785,53
4786,51
4787,94
4788,12
4789,21
4790,53
4791,63
4792,57
4793,58
4794,95
4795,52
4796,24
4797,70
4798,73
4799,91
4800,94
4801,52
4802,13
4803,71
4804,5
4805,69
4806,5
4807,17
4808,49
4809,83
4810,76
4811,61
4812,51
4813,36
4814,61
4815,24
4816,69
4817,63
4818,12
4819,21
4820,64
4821,90
4822,52
4823,94
4824,86
4825,84
4826,95
4827,42
4828,79
4829,23
4830,41
4831,82
4832,7
4833,72
4834,73
4835,6
4836,2
4837,41
4838,58
4839,0
4840,42
4841,69
4842,88
4843,78
4844,33
4845,61
4846,51
4847,91
4848,35
4849,37
4850,42
4851,82
4852,66
4853,94
4854,45
4855,45
4856,66
4857,98
4858,36
4859,22
4860,27
4861,64
4862,84
4863,11
4864,85
4865,44
4866,68
4867,4
4868,91
4869,99
4870,19
4871,37
4872,91
4873,31
4874,33
4875,7
4876,98
4877,79
4878,90
4879,56
4880,87
4881,45
4882,80
4883,85
4884,42
4885,11
4886,66
4887,37
4888,90
4889,36
4890,16
4891,5
4892,48
4893,60
4894,65
4895,44
4896,62
4897,99
4898,86
4899,10
4900,89
4901,38
4902,87
4903,33
4904,37
4905,20
4906,43
4907,90
4908,48
4909,30
4910,94
4911,56
4912,62
4913,56
4914,75
4915,63
4916,60
4917,11
4918,20
4919,95
4920,23
4921,65
4922,94
4923,57
4924,86
4925,59
4926,2
4927,48
4928,12
4929,65
4930,12
4931,52
4932,54
4933,12
4934,86
4935,51
4936,42
4937,84
4938,23
4939,39
4940,30
4941,7
4942,66
4943,34
4944,41
4945,23
4946,33
4947,94
4948,57
4949,63
4950,12
4951,24
4952,72
4953,2
4954,36
4955,90
4956,16
4957,96
4958,45
4959,95
4960,66
4961,6
4962,46
4963,0
4964,42
4965,57
4966,24
4967,49
4968,51
4969,21
4970,7
4971,27
4972,63
4973,68
4974,24
4975,47
4976,21
4977,53
4978,70
4979,85
4980,66
4981,76
4982,51
4983,27
4984,51
4985,26
4986,86
4987,18
4988,61
4989,62
4990,54
4991,34
4992,42
4993,33
4994,11
4995,0
4996,28
4997,19
4998,86
4999,39
5000,85
5001,53
5002,30
5003,41
5004,73
5005,62
5006,71
5007,86
5008,37
5009,58
5010,65
5011,37
5012,38
5013,26
5014,71
5015,81
5016,56
5017,16
5018,68
5019,33
5020,90
5021,91
5022,57
5023,23
5024,90
5025,89
5026,2
5027,34
5028,70
5029,38
5030,9
5031,65
5032,32
5033,44
5034,34
5035,89
5036,85
5037,11
5038,31
5039,71
5040,27
5041,33
5042,49
5043,52
5044,88
5045,49
5046,46
5047,57
5048,87
5049,90
5050,93
5051,72
5052,33
5053,60
5054,72
5055,38
5056,77
5057,42
5058,66
5059,37
5060,66
5061,94
5062,12
5063,90
5064,13
5065,53
5066,5
5067,55
5068,65
5069,51
5070,32
5071,65
5072,80
5073,78
5074,41
5075,80
5076,66
5077,21
5078,64
5079,3
5080,34
5081,52
5082,5
5083,51
5084,34
5085,80
5086,66
5087,86
5088,66
5089,21
5090,21
5091,31
5092,64
5093,10
5094,52
5095,93
5096,20
5097,84
5098,68
5099,0
5100,12
5101,36
5102,58
5103,64
5104,99
5105,72
5106,80
5107,63
5108,57
5109,42
5110,85
5111,74
5112,48
5113,5
5114,14
5115,37
5116,61
5117,35
5118,2
5119,12
5120,21
5121,52
5122,56
5123,14
5124,89
5125,66
5126,99
5127,73
5128,55
5129,21
5130,12
5131,46
5132,75
5133,76
5134,71
5135,86
5136,12
5137,56
5138,78
5139,28
5140,25
5141,48
5142,94
5143,82
5144,2
5145,47
5146,20
5147,84
5148,34
5149,37
5150,80
5151,23
5152,2
5153,90
5154,42
5155,24
5156,11
5157,95
5158,47
5159,37
5160,57
5161,54
5162,85
5163,81
5164,90
5165,63
5166,28
5167,64
5168,44
5169,59
5170,57
5171,8
5172,28
5173,95
5174,35
5175,48
5176,90
5177,36
5178,36
5179,90
5180,64
5181,57
5182,32
5183,98
5184,90
5185,42
5186,71
5187,69
5188,39
5189,89
5190,72
5191,24
5192,49
5193,12
5194,71
5195,40
5196,71
5197,9
5198,63
5199,88
5200,42
5201,37
5202,25
5203,16
5204,65
5205,5
5206,65
5207,55
5208,12
5209,53
5210,39
5211,57
5212,60
5213,22
5214,24
5215,5
5216,48
5217,41
5218,34
5219,51
5220,91
5221,30
5222,98
5223,52
5224,52
5225,71
5226,98
5227,94
5228,99
5229,25
5230,94
5231,42
5232,12
5233,3
5234,99
5235,56
5236,98
5237,47
5238,42
5239,25
5240,60
5241,71
5242,65
5243,74
5244,55
5245,56
5246,45
5247,95
5248,49
5249,43
5250,39
5251,16
5252,3
5253,80
5254,38
5255,46
5256,72
5257,88
5258,1
5259,72
5260,82
5261,14
5262,49
5263,52
5264,71
5265,96
5266,52
5267,60
5268,69
5269,5
5270,99
5271,36
5272,3
5273,85
5274,14
5275,30
5276,2
5277,53
5278,16
5279,42
5280,12
5281,63
5282,53
5283,30
5284,33
5285,34
5286,28
5287,17
5288,8
5289,32
5290,44
5291,2
5292,53
5293,64
5294,81
5295,75
5296,56
5297,57
5298,88
5299,85
5300,1
5301,60
5302,6
5303,47
5304,42
5305,30
5306,0
5307,63
5308,54
5309,57
5310,55
5311,48
5312,42
5313,60
5314,89
5315,16
5316,51
5317,81
5318,65
5319,54
5320,75
5321,76
5322,21
5323,60
5324,40
5325,85
5326,62
5327,38
5328,15
5329,80
5330,5
5331,2
5332,57
5333,16
5334,68
5335,95
5336,46
5337,33
5338,40
5339,55
5340,82
5341,15
5342,89
5343,2
5344,59
5345,46
5346,21
5347,79
5348,43
5349,54
5350,48
5351,88
5352,36
5353,24
5354,3
5355,49
5356,42
5357,61
5358,15
5359,64
5360,42
5361,36
5362,66
5363,29
5364,5
5365,10
5366,51
5367,86
5368,30
5369,99
5370,0
5371,65
5372,26
5373,33
5374,31
5375,84
5376,36
5377,11
5378,42
5379,49
5380,95
5381,9
5382,45
5383,63
5384,60
5385,7
5386,82
5387,94
5388,4
5389,79
5390,62
5391,2
5392,23
5393,26
5394,61
5395,40
5396,38
5397,41
5398,63
5399,42
5400,17
5401,39
5402,23
5403,86
5404,53
5405,66
5406,76
5407,66
5408,80
5409,80
5410,52
5411,23
5412,98
5413,21
5414,98
5415,24
5416,21
5417,39
5418,21
5419,34
5420,73
5421,90
5422,88
5423,12
5424,42
5425,63
5426,85
5427,7
5428,94
5429,85
5430,8
5431,16
5432,90
5433,4
5434,47
5435,54
5436,0
5437,12
5438,53
5439,60
5440,9
5441,78
5442,73
5443,71
5444,57
5445,89
5446,46
5447,73
5448,56
5449,97
5450,70
5451,21
5452,36
5453,64
5454,87
5455,9
5456,29
5457,2
5458,80
5459,27
5460,48
5461,31
5462,93
5463,61
5464,51
5465,37
5466,21
5467,42
5468,95
5469,86
5470,52
5471,63
5472,43
5473,29
5474,53
5475,66
5476,62
5477,3
5478,79
5479,72
5480,4
5481,66
5482,86
5483,34
5484,33
5485,62
5486,66
5487,26
5488,73
5489,79
5490,42
5491,93
5492,3
5493,88
5494,31
5495,58
5496,0
5497,38
5498,7
5499,33
5500,3
5501,19
5502,85
5503,87
5504,3
5505,8
5506,96
5507,19
5508,64
5509,12
5510,18
5511,32
5512,51
5513,80
5514,54
5515,34
5516,29
5517,5
5518,7
5519,90
5520,70
5521,70
5522,61
5523,36
5524,2
5525,31
5526,40
5527,5
5528,56
5529,6
5530,31
5531,87
5532,72
5533,21
5534,51
5535,11
5536,11
5537,68
5538,47
5539,18
5540,63
5541,4
5542,90
5543,79
5544,11
5545,84
5546,51
5547,56
5548,55
5549,36
5550,89
5551,69
5552,91
5553,71
5554,67
5555,86
5556,78
5557,47
5558,6
5559,24
5560,73
5561,60
5562,27
5563,52
5564,98
5565,94
5566,63
5567,71
5568,58
5569,33
5570,64
5571,85
5572,48
5573,47
5574,21
5575,55
5576,94
5577,42
5578,58
5579,66
5580,80
5581,12
5582,16
5583,63
5584,54
5585,73
5586,46
5587,5
5588,11
5589,1
5590,71
5591,80
5592,62
5593,41
5594,53
5595,66
5596,90
5597,76
5598,26
5599,11
5600,69
5601,55
5602,98
5603,20
5604,14
5605,66
5606,63
5607,36
5608,69
5609,37
5610,33
5611,49
5612,48
5613,63
5614,16
5615,31
5616,51
5617,28
5618,67
5619,14
5620,59
5621,55
5622,70
5623,35
5624,86
5625,86
5626,11
5627,51
5628,42
5629,59
5630,68
5631,37
5632,58
5633,30
5634,85
5635,58
5636,98
5637,12
5638,33
5639,89
5640,72
5641,23
5642,21
5643,94
5644,42
5645,47
5646,29
5647,20
5648,96
5649,28
5650,89
5651,67
5652,71
5653,42
5654,58
5655,54
5656,73
5657,60
5658,62
5659,33
5660,68
5661,59
5662,89
5663,21
5664,35
5665,77
5666,94
5667,73
5668,70
5669,52
5670,75
5671,42
5672,55
5673,24
5674,65
5675,70
5676,61
5677,24
5678,56
5679,0
5680,57
5681,4
5682,5
5683,20
5684,54
5685,70
5686,11
5687,36
5688,64
5689,36
5690,8
5691,41
5692,57
5693,59
5694,10
5695,49
5696,89
5697,36
5698,63
5699,84
5700,11
5701,63
5702,80
5703,71
5704,54
5705,29
5706,63
5707,50
5708,54
5709,77
5710,38
5711,78
5712,29
5713,51
5714,46
5715,58
5716,57
5717,78
5718,72
5719,94
5720,91
5721,71
5722,56
5723,96
5724,99
5725,57
5726,64
5727,83
5728,33
5729,30
5730,66
5731,0
5732,12
5733,88
5734,40
5735,1
5736,87
5737,66
5738,37
5739,27
5740,5
5741,16
5742,83
5743,68
5744,34
5745,46
5746,85
5747,35
5748,37
5749,37
5750,30
5751,3
5752,8
5753,53
5754,56
5755,73
5756,58
5757,81
5758,15
5759,55
5760,70
5761,32
5762,24
5763,59
5764,78
5765,56
5766,28
5767,63
5768,94
5769,36
5770,54
5771,66
5772,33
5773,73
5774,54
5775,63
5776,5
5777,30
5778,11
5779,65
5780,51
5781,66
5782,64
5783,54
5784,62
5785,80
5786,1
5787,42
5788,42
5789,62
5790,49
5791,30
5792,24
5793,12
5794,63
5795,40
5796,52
5797,46
5798,11
5799,20
5800,83
5801,27
5802,38
5803,73
5804,73
5805,72
5806,41
5807,94
5808,37
5809,57
5810,16
5811,17
5812,21
5813,58
5814,12
5815,91
5816,73
5817,90
5818,48
5819,86
5820,33
5821,2
5822,59
5823,29
5824,14
5825,94
5826,5
5827,59
5828,85
5829,77
5830,38
5831,19
5832,43
5833,97
5834,81
5835,50
5836,84
5837,40
5838,42
5839,48
5840,62
5841,65
5842,48
5843,56
5844,2
5845,36
5846,31
5847,36
5848,70
5849,28
5850,33
5851,73
5852,36
5853,81
5854,47
5855,66
5856,72
5857,17
5858,70
5859,18
5860,80
5861,53
5862,34
5863,83
5864,60
5865,9
5866,54
5867,66
5868,47
5869,12
5870,66
5871,86
5872,4
5873,74
5874,43
5875,71
5876,85
5877,64
5878,66
5879,46
5880,37
5881,9
5882,40
5883,11
5884,66
5885,10
5886,76
5887,26
5888,71
5889,36
5890,43
5891,94
5892,4
5893,81
5894,69
5895,55
5896,62
5897,14
5898,94
5899,41
5900,57
5901,55
5902,55
5903,80
5904,48
5905,42
5906,0
5907,67
5908,19
5909,73
5910,54
5911,97
5912,67
5913,0
5914,57
5915,2
5916,11
5917,57
5918,40
5919,47
5920,81
5921,5
5922,61
5923,74
5924,65
5925,52
5926,9
5927,71
5928,63
5929,18
5930,61
5931,83
5932,5
5933,80
5934,21
5935,73
5936,40
5937,33
5938,66
5939,23
5940,12
5941,12
5942,36
5943,32
5944,77
5945,89
5946,21
5947,26
5948,80
5949,78
5950,69
5951,71
5952,71
5953,12
5954,3
5955,89
5956,14
5957,86
5958,51
5959,2
5960,51
5961,30
5962,11
5963,84
5964,43
5965,60
5966,85
5967,54
5968,32
5969,11
5970,2
5971,35
5972,34
5973,77
5974,90
5975,62
5976,69
5977,33
5978,99
5979,64
5980,35
5981,15
5982,63
5983,20
5984,64
5985,48
5986,95
5987,10
5988,48
5989,40
5990,41
5991,61
5992,24
5993,54
5994,54
5995,28
5996,57
5997,49
5998,70
5999,55
6000,55
6001,77
6002,2
6003,23
6004,47
6005,33
6006,30
6007,88
6008,16
6009,95
6010,65
6011,37
6012,81
6013,73
6014,14
6015,42
6016,30
6017,95
6018,9
6019,67
6020,9
6021,2
6022,56
6023,2
6024,97
6025,71
6026,88
6027,42
6028,11
6029,66
6030,82
6031,23
6032,62
6033,10
6034,72
6035,58
6036,95
6037,11
6038,54
6039,38
6040,33
6041,86
6042,1
6043,54
6044,79
6045,36
6046,94
6047,62
6048,59
6049,70
6050,70
6051,40
6052,19
6053,45
6054,59
6055,66
6056,61
6057,16
6058,46
6059,69
6060,5
6061,57
6062,33
6063,89
6064,14
6065,24
6066,56
6067,43
6068,42
6069,87
6070,5
6071,28
6072,49
6073,24
6074,12
6075,89
6076,64
6077,3
6078,83
6079,61
6080,5
6081,12
6082,99
6083,17
6084,24
6085,21
6086,42
6087,29
6088,64
6089,16
6090,55
6091,80
6092,64
6093,34
6094,34
6095,57
6096,2
6097,3
6098,10
6099,92
6100,32
6101,81
6102,62
6103,42
6104,66
6105,33
6106,56
6107,23
6108,68
6109,78
6110,34
6111,63
6112,33
6113,63
6114,60
6115,33
6116,90
6117,39
6118,31
6119,65
6120,84
6121,45
6122,13
6123,51
6124,17
6125,96
6126,35
6127,51
6128,11
6129,23
6130,4
6131,37
6132,66
6133,6
6134,11
6135,64
6136,42
6137,96
6138,25
6139,36
6140,21
6141,97
6142,56
6143,99
6144,48
6145,45
6146,34
6147,33
6148,35
6149,37
6150,44
6151,19
6152,26
6153,77
6154,66
6155,82
6156,63
6157,27
6158,32
6159,3
6160,85
6161,80
6162,44
6163,56
6164,56
6165,22
6166,53
6167,70
6168,83
6169,99
6170,67
6171,50
6172,90
6173,95
6174,47
6175,34
6176,87
6177,2
6178,11
6179,30
6180,2
6181,12
6182,72
6183,50
6184,56
6185,56
6186,34
6187,54
6188,23
6189,23
6190,63
6191,87
6192,50
6193,3
6194,11
6195,51
6196,2
6197,57
6198,10
6199,53
6200,90
6201,42
6202,73
6203,40
6204,27
6205,30
6206,73
6207,3
6208,59
6209,66
6210,33
6211,95
6212,98
6213,86
6214,87
6215,42
6216,24
6217,9
6218,39
6219,45
6220,52
6221,26
6222,62
6223,15
6224,36
6225,61
6226,56
6227,2
6228,74
6229,21
6230,78
6231,28
6232,59
6233,20
6234,30
6235,32
6236,47
6237,94
6238,22
6239,20
6240,30
6241,70
6242,4
6243,38
6244,6
6245,20
6246,81
6247,36
6248,73
6249,60
6250,71
6251,28
6252,10
6253,0
6254,46
6255,72
6256,98
6257,24
6258,24
6259,71
6260,59
6261,60
6262,37
6263,0
6264,47
6265,16
6266,58
6267,61
6268,83
6269,91
6270,98
6271,71
6272,45
6273,53
6274,95
6275,60
6276,27
6277,7
6278,89
6279,58
6280,36
6281,97
6282,14
6283,71
6284,79
6285,90
6286,80
6287,73
6288,33
6289,5
6290,3
6291,84
6292,58
6293,42
6294,33
6295,47
6296,54
6297,39
6298,57
6299,37
6300,3
6301,36
6302,54
6303,31
6304,71
6305,21
6306,55
6307,29
6308,50
6309,7
6310,65
6311,72
6312,65
6313,29
6314,51
6315,71
6316,27
6317,26
6318,95
6319,1
6320,80
6321,36
6322,2
6323,87
6324,42
6325,80
6326,51
6327,81
6328,66
6329,83
6330,66
6331,21
6332,96
6333,56
6334,94
6335,42
6336,24
6337,69
6338,41
6339,58
6340,82
6341,71
6342,61
6343,89
6344,7
6345,23
6346,38
6347,65
6348,63
6349,30
6350,35
6351,98
6352,71
6353,90
6354,12
6355,55
6356,57
6357,40
6358,30
6359,31
6360,31
6361,24
6362,47
6363,21
6364,2
6365,29
6366,62
6367,42
6368,58
6369,10
6370,39
6371,36
6372,45
6373,72
6374,94
6375,7
6376,12
6377,4
6378,37
6379,17
6380,45
6381,71
6382,89
6383,11
6384,94
6385,30
6386,98
6387,21
6388,7
6389,55
6390,94
6391,63
6392,71
6393,79
6394,7
6395,42
6396,99
6397,62
6398,34
6399,36
6400,83
6401,27
6402,72
6403,81
6404,30
6405,52
6406,17
6407,49
6408,44
6409,88
6410,69
6411,13
6412,37
6413,94
6414,92
6415,94
6416,48
6417,2
6418,27
6419,39
6420,27
6421,71
6422,19
6423,12
6424,42
6425,68
6426,52
6427,55
6428,93
6429,6
6430,90
6431,17
6432,30
6433,66
6434,75
6435,86
6436,2
6437,4
6438,6
6439,72
6440,15
6441,55
6442,78
6443,42
6444,42
6445,34
6446,63
6447,64
6448,39
6449,8
6450,15
6451,91
6452,83
6453,89
6454,69
6455,78
6456,80
6457,16
6458,0
6459,27
6460,12
6461,99
6462,93
6463,54
6464,45
6465,94
6466,69
6467,18
6468,63
6469,51
6470,50
6471,56
6472,69
6473,58
6474,31
6475,15
6476,62
6477,5
6478,69
6479,52
6480,52
6481,43
6482,61
6483,31
6484,68
6485,3
6486,63
6487,19
6488,69
6489,30
6490,22
6491,40
6492,27
6493,26
6494,66
6495,29
6496,3
6497,91
6498,63
6499,51
6500,61
6501,76
6502,26
6503,15
6504,96
6505,53
6506,85
6507,5
6508,3
6509,93
6510,69
6511,65
6512,94
6513,63
6514,33
6515,50
6516,53
6517,12
6518,38
6519,57
6520,45
6521,66
6522,5
6523,67
6524,45
6525,24
6526,55
6527,42
6528,56
6529,68
6530,23
6531,87
6532,51
6533,61
6534,89
6535,79
6536,53
6537,5
6538,59
6539,34
6540,66
6541,41
6542,65
6543,37
6544,42
6545,29
6546,75
6547,48
6548,56
6549,80
6550,62
6551,62
6552,33
6553,8
6554,33
6555,5
6556,81
6557,12
6558,77
6559,61
6560,80
6561,55
6562,56
6563,71
6564,34
6565,32
6566,42
6567,31
6568,5
6569,49
6570,20
6571,24
6572,71
6573,2
6574,70
6575,51
6576,27
6577,97
6578,38
6579,78
6580,49
6581,46
6582,23
6583,64
6584,66
6585,2
6586,90
6587,48
6588,56
6589,71
6590,61
6591,5
6592,79
6593,71
6594,20
6595,42
6596,23
6597,28
6598,73
6599,35
6600,85
6601,53
6602,9
6603,3
6604,11
6605,38
6606,21
6607,52
6608,17
6609,64
6610,76
6611,36
6612,47
6613,73
6614,87
6615,58
6616,35
6617,35
6618,42
6619,40
6620,59
6621,60
6622,66
6623,5
6624,35
6625,57
6626,63
6627,24
6628,2
6629,11
6630,99
6631,80
6632,24
6633,41
6634,83
6635,71
6636,76
6637,79
6638,73
6639,66
6640,81
6641,82
6642,21
6643,47
6644,80
6645,95
6646,31
6647,82
6648,11
6649,59
6650,71
6651,36
6652,64
6653,58
6654,88
6655,17
6656,64
6657,16
6658,36
6659,33
6660,53
6661,12
6662,65
6663,70
6664,7
6665,10
6666,80
6667,26
6668,56
6669,11
6670,69
6671,71
6672,11
6673,22
6674,39
6675,21
6676,78
6677,1
6678,75
6679,13
6680,67
6681,97
6682,34
6683,54
6684,76
6685,33
6686,89
6687,82
6688,41
6689,61
6690,72
6691,90
6692,42
6693,90
6694,21
6695,9
6696,90
6697,53
6698,35
6699,55
6700,64
6701,69
6702,72
6703,66
6704,42
6705,18
6706,33
6707,73
6708,47
6709,39
6710,36
6711,26
6712,46
6713,56
6714,37
6715,64
6716,2
6717,71
6718,21
6719,43
6720,46
6721,80
6722,24
6723,75
6724,40
6725,37
6726,65
6727,30
6728,63
6729,54
6730,41
6731,38
6732,29
6733,37
6734,84
6735,34
6736,95
6737,41
6738,83
6739,23
6740,83
6741,53
6742,58
6743,58
6744,86
6745,42
6746,64
6747,99
6748,40
6749,58
6750,57
6751,27
6752,63
6753,64
6754,70
6755,92
6756,93
6757,56
6758,2
6759,49
6760,39
6761,12
6762,17
6763,48
6764,37
6765,38
6766,63
6767,63
6768,47
6769,60
6770,36
6771,37
6772,21
6773,52
6774,72
6775,84
6776,30
6777,20
6778,15
6779,78
6780,2
6781,49
6782,24
6783,94
6784,97
6785,17
6786,62
6787,98
6788,84
6789,43
6790,37
6791,58
6792,77
6793,3
6794,56
6795,39
6796,75
6797,24
6798,72
6799,8
6800,11
6801,10
6802,34
6803,67
6804,66
6805,36
6806,0
6807,84
6808,7
6809,94
6810,67
6811,21
6812,12
6813,32
6814,48
6815,63
6816,54
6817,34
6818,27
6819,36
6820,52
6821,70
6822,31
6823,28
6824,37
6825,83
6826,24
6827,83
6828,14
6829,52
6830,11
6831,84
6832,13
6833,54
6834,66
6835,59
6836,96
6837,14
6838,30
6839,62
6840,71
6841,45
6842,82
6843,84
6844,26
6845,62
6846,47
6847,54
6848,8
6849,19
6850,30
6851,65
6852,5
6853,3
6854,80
6855,42
6856,34
6857,57
6858,12
6859,0
6860,20
6861,84
6862,85
6863,5
6864,71
6865,8
6866,37
6867,69
6868,86
6869,34
6870,60
6871,13
6872,14
6873,12
6874,12
6875,0
6876,54
6877,45
6878,61
6879,2
6880,21
6881,56
6882,68
6883,98
6884,13
6885,85
6886,9
6887,99
6888,6
6889,89
6890,61
6891,55
6892,63
6893,36
6894,73
6895,36
6896,54
6897,54
6898,59
6899,40
6900,20
6901,91
6902,83
6903,37
6904,90
6905,87
6906,98
6907,25
6908,71
6909,82
6910,30
6911,51
6912,5
6913,34
6914,85
6915,42
6916,95
6917,34
6918,55
6919,2
6920,12
6921,80
6922,36
6923,37
6924,42
6925,14
6926,47
6927,54
6928,53
6929,12
6930,89
6931,53
6932,72
6933,60
6934,9
6935,36
6936,53
6937,47
6938,31
6939,62
6940,19
6941,63
6942,28
6943,20
6944,83
6945,96
6946,21
6947,45
6948,21
6949,86
6950,56
6951,37
6952,30
6953,71
6954,48
6955,12
6956,45
6957,71
6958,66
6959,40
6960,99
6961,68
6962,40
6963,23
6964,51
6965,34
6966,60
6967,66
6968,44
6969,51
6970,63
6971,79
6972,89
6973,52
6974,59
6975,53
6976,93
6977,79
6978,9
6979,51
6980,2
6981,17
6982,3
6983,59
6984,98
6985,21
6986,11
6987,8
6988,61
6989,14
6990,63
6991,28
6992,60
6993,62
6994,32
6995,11
6996,34
6997,19
6998,2
6999,7
7000,35
7001,32
7002,65
7003,7
7004,51
7005,59
7006,89
7007,57
7008,93
7009,73
7010,37
7011,21
7012,9
7013,52
7014,37
7015,59
7016,38
7017,82
7018,65
7019,62
7020,42
7021,35
7022,98
7023,14
7024,14
7025,54
7026,37
7027,56
7028,64
7029,48
7030,71
7031,47
7032,27
7033,85
7034,66
7035,62
7036,38
7037,11
7038,29
7039,69
7040,92
7041,53
7042,73
7043,25
7044,46
7045,76
7046,25
7047,1
7048,95
7049,62
7050,94
7051,37
7052,86
7053,29
7054,40
7055,29
7056,62
7057,68
7058,14
7059,86
7060,42
7061,46
7062,2
7063,87
7064,54
7065,21
7066,96
7067,36
7068,29
7069,59
7070,66
7071,24
7072,30
7073,77
7074,57
7075,79
7076,2
7077,69
7078,56
7079,90
7080,81
7081,95
7082,24
7083,37
7084,64
7085,63
7086,89
7087,11
7088,4
7089,58
7090,28
7091,44
7092,2
7093,98
7094,58
7095,24
7096,84
7097,1
7098,68
7099,70
7100,60
7101,95
7102,80
7103,71
7104,11
7105,40
7106,21
7107,12
7108,31
7109,48
7110,48
7111,2
7112,80
7113,11
7114,66
7115,79
7116,90
7117,48
7118,73
7119,1
7120,70
7121,86
7122,92
7123,94
7124,14
7125,64
7126,57
7127,63
7128,89
7129,41
7130,2
7131,13
7132,59
7133,12
7134,57
7135,80
7136,20
7137,37
7138,85
7139,62
7140,24
7141,80
7142,66
7143,26
7144,39
7145,49
7146,31
7147,19
7148,95
7149,66
7150,51
7151,95
7152,15
7153,33
7154,69
7155,89
7156,3
7157,19
7158,59
7159,16
7160,48
7161,50
7162,42
7163,35
7164,42
7165,40
7166,51
7167,12
7168,2
7169,51
7170,65
7171,5
7172,87
7173,64
7174,94
7175,47
7176,51
7177,55
7178,57
7179,83
7180,71
7181,82
7182,89
7183,54
7184,61
7185,68
7186,33
7187,83
7188,29
7189,63
7190,57
7191,39
7192,2
7193,38
7194,34
7195,3
7196,11
7197,62
7198,29
7199,53
7200,4
7201,47
7202,7
7203,62
7204,9
7205,3
7206,84
7207,58
7208,46
7209,48
7210,52
7211,79
7212,71
7213,7
7214,60
7215,57
7216,36
7217,71
7218,83
7219,92
7220,38
7221,46
7222,72
7223,35
7224,40
7225,64
7226,66
7227,58
7228,64
7229,33
7230,69
7231,46
7232,53
7233,7
7234,37
7235,64
7236,54
7237,26
7238,53
7239,66
7240,5
7241,93
7242,8
7243,21
7244,28
7245,55
7246,71
7247,47
7248,55
7249,26
7250,21
7251,6
7252,53
7253,76
7254,30
7255,51
7256,85
7257,19
7258,82
7259,37
7260,11
7261,54
7262,8
7263,42
7264,36
7265,73
7266,8
7267,21
7268,53
7269,23
7270,3
7271,64
7272,30
7273,42
7274,84
7275,97
7276,36
7277,24
7278,21
7279,80
7280,16
7281,38
7282,8
7283,63
7284,82
7285,86
7286,16
7287,83
7288,41
7289,48
7290,46
7291,88
7292,83
7293,31
7294,19
7295,39
7296,80
7297,51
7298,31
7299,19
7300,30
7301,3
7302,31
7303,94
7304,72
7305,43
7306,96
7307,65
7308,36
7309,91
7310,54
7311,5
7312,7
7313,70
7314,4
7315,35
7316,60
7317,79
7318,71
7319,87
7320,89
7321,55
7322,67
7323,62
7324,51
7325,3
7326,73
7327,36
7328,82
7329,73
7330,40
7331,61
7332,71
7333,90
7334,34
7335,40
7336,50
7337,71
7338,19
7339,93
7340,24
7341,28
7342,55
7343,85
7344,94
7345,86
7346,11
7347,89
7348,30
7349,47
7350,71
7351,54
7352,56
7353,88
7354,57
7355,12
7356,94
7357,26
7358,76
7359,2
7360,17
7361,70
7362,83
7363,18
7364,42
7365,83
7366,83
7367,63
7368,37
7369,83
7370,30
7371,67
7372,18
7373,42
7374,53
7375,66
7376,13
7377,46
7378,66
7379,14
7380,9
7381,24
7382,87
7383,16
7384,52
7385,24
7386,4
7387,97
7388,13
7389,48
7390,16
7391,89
7392,4
7393,59
7394,58
7395,72
7396,71
7397,12
7398,12
7399,75
7400,86
7401,57
7402,71
7403,11
7404,43
7405,84
7406,82
7407,52
7408,63
7409,62
7410,49
7411,80
7412,77
7413,24
7414,59
7415,20
7416,41
7417,55
7418,98
7419,60
7420,28
7421,83
7422,81
7423,9
7424,0
7425,43
7426,43
7427,63
7428,61
7429,83
7430,69
7431,28
7432,32
7433,42
7434,3
7435,2
7436,69
7437,94
7438,47
7439,95
7440,46
7441,13
7442,70
7443,5
7444,2
7445,34
7446,71
7447,97
7448,9
7449,42
7450,56
7451,71
7452,71
7453,53
7454,63
7455,3
7456,20
7457,62
7458,24
7459,16
7460,24
7461,12
7462,60
7463,7
7464,23
7465,61
7466,30
7467,64
7468,75
7469,5
7470,57
7471,38
7472,51
7473,72
7474,90
7475,34
7476,51
7477,85
7478,47
7479,71
7480,53
7481,13
7482,61
7483,51
7484,8
7485,66
7486,89
7487,70
7488,60
7489,45
7490,98
7491,19
7492,71
7493,52
7494,63
7495,67
7496,96
7497,95
7498,17
7499,20
7500,58
7501,41
7502,91
7503,34
7504,63
7505,53
7506,6
7507,42
7508,37
7509,33
7510,59
7511,42
7512,31
7513,42
7514,56
7515,10
7516,66
7517,9
7518,53
7519,5
7520,78
7521,29
7522,91
7523,54
7524,12
7525,78
7526,68
7527,33
7528,12
7529,80
7530,86
7531,41
7532,71
7533,13
7534,17
7535,87
7536,87
7537,49
7538,47
7539,91
7540,53
7541,51
7542,20
7543,81
7544,86
7545,98
7546,50
7547,45
7548,33
7549,91
7550,66
7551,12
7552,94
7553,75
7554,28
7555,83
7556,48
7557,69
7558,26
7559,90
7560,42
7561,57
7562,42
7563,88
7564,99
7565,94
7566,71
7567,8
7568,49
7569,48
7570,90
7571,20
7572,33
7573,31
7574,73
7575,3
7576,3
7577,72
7578,11
7579,32
7580,70
7581,81
7582,66
7583,33
7584,89
7585,29
7586,62
7587,54
7588,62
7589,86
7590,90
7591,62
7592,61
7593,53
7594,34
7595,85
7596,71
7597,37
7598,54
7599,56
7600,95
7601,98
7602,12
7603,24
7604,94
7605,7
7606,5
7607,94
7608,15
7609,52
7610,96
7611,52
7612,87
7613,91
7614,34
7615,78
7616,82
7617,2
7618,75
7619,42
7620,75
7621,63
7622,54
7623,17
7624,72
7625,91
7626,8
7627,41
7628,90
7629,92
7630,4
7631,52
7632,78
7633,29
7634,62
7635,79
7636,28
7637,81
7638,70
7639,34
7640,66
7641,27
7642,62
7643,89
7644,1
7645,18
7646,81
7647,19
7648,39
7649,68
7650,3
7651,21
7652,53
7653,54
7654,83
7655,0
7656,45
7657,19
7658,13
7659,33
7660,89
7661,37
7662,42
7663,61
7664,14
7665,80
7666,52
7667,37
7668,68
7669,64
7670,21
7671,46
7672,15
7673,27
7674,65
7675,99
7676,88
7677,21
7678,68
7679,53
7680,3
7681,91
7682,11
7683,56
7684,7
7685,97
7686,11
7687,79
7688,74
7689,54
7690,5
7691,37
7692,95
7693,81
7694,94
7695,50
7696,27
7697,39
7698,33
7699,71
7700,65
7701,56
7702,54
7703,60
7704,63
7705,93
7706,12
7707,20
7708,66
7709,60
7710,63
7711,85
7712,57
7713,80
7714,47
7715,5
7716,36
7717,30
7718,41
7719,42
7720,54
7721,87
7722,37
7723,55
7724,64
7725,12
7726,24
7727,98
7728,98
7729,5
7730,57
7731,83
7732,68
7733,83
7734,52
7735,27
7736,76
7737,61
7738,17
7739,17
7740,18
7741,33
7742,83
7743,57
7744,54
7745,54
7746,71
7747,70
7748,58
7749,65
7750,97
7751,33
7752,74
7753,36
7754,83
7755,82
7756,79
7757,97
7758,24
7759,50
7760,93
7761,2
7762,9
7763,74
7764,2
7765,36
7766,32
7767,90
7768,99
7769,73
7770,71
7771,0
7772,97
7773,62
7774,12
7775,32
7776,53
7777,24
7778,34
7779,58
7780,11
7781,99
7782,7
7783,42
7784,10
7785,54
7786,83
7787,36
7788,8
7789,64
7790,53
7791,30
7792,94
7793,36
7794,11
7795,45
7796,57
7797,49
7798,72
7799,17
7800,15
7801,38
7802,23
7803,2
7804,57
7805,36
7806,48
7807,30
7808,55
7809,37
7810,80
7811,15
7812,13
7813,7
7814,70
7815,65
7816,5
7817,52
7818,24
7819,34
7820,91
7821,61
7822,14
7823,37
7824,71
7825,70
7826,11
7827,52
7828,94
7829,75
7830,33
7831,90
7832,78
7833,34
7834,57
7835,50
7836,30
7837,85
7838,62
7839,31
7840,27
7841,51
7842,54
7843,57
7844,71
7845,17
7846,57
7847,1
7848,48
7849,2
7850,20
7851,58
7852,58
7853,3
7854,63
7855,82
7856,71
7857,87
7858,73
7859,43
7860,67
7861,70
7862,64
7863,89
7864,77
7865,42
7866,90
7867,89
7868,39
7869,53
7870,72
7871,66
7872,25
7873,35
7874,40
7875,4
7876,64
7877,80
7878,84
7879,56
7880,5
7881,51
7882,90
7883,40
7884,90
7885,36
7886,69
7887,86
7888,51
7889,59
7890,24
7891,14
7892,99
7893,87
7894,55
7895,2
7896,47
7897,97
7898,93
7899,40
7900,58
7901,28
7902,24
7903,54
7904,80
7905,38
7906,18
7907,83
7908,79
7909,53
7910,99
7911,55
7912,21
7913,87
7914,66
7915,68
7916,55
7917,61
7918,96
7919,95
7920,52
7921,9
7922,12
7923,10
7924,26
7925,34
7926,66
7927,24
7928,30
7929,2
7930,1
7931,99
7932,91
7933,87
7934,36
7935,31
7936,21
7937,60
7938,73
7939,41
7940,62
7941,53
7942,54
7943,64
7944,18
7945,99
7946,3
7947,27
7948,60
7949,26
7950,42
7951,62
7952,18
7953,67
7954,30
7955,36
7956,94
7957,90
7958,63
7959,80
7960,51
7961,83
7962,83
7963,30
7964,57
7965,20
7966,66
7967,20
7968,54
7969,21
7970,69
7971,24
7972,90
7973,80
7974,56
7975,81
7976,16
7977,99
7978,95
7979,29
7980,66
7981,21
7982,86
7983,90
7984,27
7985,86
7986,92
7987,77
7988,90
7989,82
7990,42
7991,53
7992,17
7993,63
7994,95
7995,12
7996,47
7997,11
7998,61
7999,75
8000,79
8001,90
8002,42
8003,99
8004,57
8005,40
8006,5
8007,98
8008,64
8009,2
8010,19
8011,98
8012,2
8013,57
8014,90
8015,42
8016,35
8017,45
8018,28
8019,57
8020,92
8021,99
8022,24
8023,89
8024,60
8025,83
8026,89
8027,51
8028,58
8029,6
8030,96
8031,48
8032,55
8033,35
8034,94
8035,71
8036,94
8037,57
8038,64
8039,47
8040,24
8041,34
8042,26
8043,17
8044,7
8045,0
8046,87
8047,64
8048,30
8049,78
8050,56
8051,4
8052,12
8053,92
8054,31
8055,79
8056,39
8057,80
8058,5
8059,80
8060,21
8061,53
8062,98
8063,63
8064,36
8065,66
8066,69
8067,33
8068,50
8069,35
8070,7
8071,94
8072,58
8073,80
8074,8
8075,94
8076,66
8077,36
8078,11
8079,38
8080,29
8081,72
8082,38
8083,75
8084,80
8085,89
8086,91
8087,11
8088,57
8089,12
8090,61
8091,46
8092,84
8093,53
8094,47
8095,93
8096,61
8097,52
8098,99
8099,70
8100,51
8101,80
8102,76
8103,49
8104,99
8105,64
8106,70
8107,85
8108,15
8109,34
8110,36
8111,9
8112,12
8113,80
8114,24
8115,80
8116,98
8117,61
8118,33
8119,84
8120,1
8121,31
8122,43
8123,57
8124,78
8125,91
8126,58
8127,93
8128,68
8129,71
8130,42
8131,0
8132,43
8133,78
8134,72
8135,70
8136,7
8137,59
8138,90
8139,28
8140,21
8141,37
8142,55
8143,36
8144,5
8145,46
8146,3
8147,85
8148,99
8149,3
8150,35
8151,86
8152,75
8153,26
8154,90
8155,4
8156,0
8157,71
8158,11
8159,11
8160,73
8161,26
8162,54
8163,60
8164,55
8165,94
8166,62
8167,29
8168,53
8169,89
8170,94
8171,65
8172,12
8173,5
8174,60
8175,76
8176,91
8177,37
8178,2
8179,59
8180,62
8181,80
8182,64
8183,48
8184,27
8185,43
8186,42
8187,97
8188,6
8189,19
8190,23
8191,48
8192,99
8193,84
8194,56
8195,61
8196,60
8197,1
8198,57
8199,2
8200,32
8201,97
8202,39
8203,0
8204,70
8205,84
8206,11
8207,94
8208,18
8209,58
8210,19
8211,2
8212,90
8213,80
8214,80
8215,30
8216,80
8217,3
8218,81
8219,89
8220,30
8221,71
8222,66
8223,62
8224,85
8225,87
8226,71
8227,79
8228,71
8229,73
8230,66
8231,15
8232,70
8233,37
8234,78
8235,89
8236,17
8237,45
8238,91
8239,36
8240,83
8241,3
8242,3
8243,83
8244,94
8245,99
8246,59
8247,66
8248,69
8249,1
8250,0
8251,30
8252,16
8253,35
8254,24
8255,7
8256,36
8257,41
8258,85
8259,91
8260,11
8261,3
8262,62
8263,31
8264,95
8265,56
8266,90
8267,36
8268,45
8269,59
8270,9
8271,80
8272,20
8273,14
8274,46
8275,31
8276,69
8277,12
8278,72
8279,1
8280,7
8281,5
8282,46
8283,60
8284,9
8285,90
8286,20
8287,9
8288,95
8289,18
8290,68
8291,92
8292,37
8293,38
8294,42
8295,3
8296,36
8297,71
8298,54
8299,45
8300,48
8301,83
8302,0
8303,45
8304,89
8305,4
8306,24
8307,15
8308,86
8309,16
8310,42
8311,41
8312,39
8313,75
8314,57
8315,51
8316,93
8317,20
8318,42
8319,69
8320,93
8321,55
8322,63
8323,79
8324,42
8325,10
8326,90
8327,10
8328,34
8329,89
8330,34
8331,2
8332,69
8333,63
8334,42
8335,61
8336,23
8337,98
8338,55
8339,40
8340,40
8341,7
8342,21
8343,2
8344,1
8345,21
8346,47
8347,43
8348,62
8349,78
8350,12
8351,18
8352,62
8353,73
8354,63
8355,35
8356,53
8357,12
8358,2
8359,98
8360,90
8361,39
8362,12
8363,34
8364,74
8365,92
8366,80
8367,30
8368,69
8369,86
8370,18
8371,41
8372,79
8373,49
8374,83
8375,2
8376,64
8377,29
8378,53
8379,33
8380,60
8381,4
8382,56
8383,40
8384,36
8385,2
8386,85
8387,72
8388,49
8389,68
8390,42
8391,58
8392,30
8393,58
8394,54
8395,44
8396,11
8397,53
8398,52
8399,6
8400,72
8401,33
8402,8
8403,38
8404,34
8405,88
8406,45
8407,97
8408,52
8409,78
8410,81
8411,87
8412,96
8413,98
8414,16
8415,33
8416,71
8417,41
8418,80
8419,66
8420,79
8421,60
8422,38
8423,30
8424,34
8425,63
8426,41
8427,60
8428,30
8429,66
8430,46
8431,1
8432,58
8433,45
8434,61
8435,86
8436,37
8437,59
8438,38
8439,99
8440,73
8441,93
8442,39
8443,62
8444,54
8445,64
8446,61
8447,29
8448,51
8449,21
8450,72
8451,57
8452,48
8453,48
8454,39
8455,75
8456,17
8457,78
8458,42
8459,71
8460,12
8461,3
8462,28
8463,78
8464,33
8465,91
8466,71
8467,64
8468,89
8469,21
8470,82
8471,70
8472,23
8473,88
8474,56
8475,56
8476,14
8477,40
8478,59
8479,16
8480,62
8481,80
8482,68
8483,52
8484,69
8485,34
8486,16
8487,62
8488,85
8489,12
8490,99
8491,26
8492,40
8493,79
8494,2
8495,71
8496,76
8497,19
8498,63
8499,14
8500,27
8501,28
8502,70
8503,58
8504,38
8505,33
8506,55
8507,98
8508,54
8509,31
8510,10
8511,81
8512,95
8513,4
8514,20
8515,79
8516,30
8517,7
8518,80
8519,11
8520,27
8521,1
8522,56
8523,59
8524,33
8525,63
8526,63
8527,94
8528,2
8529,27
8530,72
8531,94
8532,90
8533,81
8534,60
8535,66
8536,91
8537,57
8538,58
8539,19
8540,72
8541,20
8542,3
8543,52
8544,24
8545,36
8546,7
8547,57
8548,14
8549,34
8550,92
8551,34
8552,53
8553,13
8554,5
8555,52
8556,36
8557,17
8558,40
8559,24
8560,87
8561,54
8562,53
8563,38
8564,61
8565,87
8566,54
8567,24
8568,28
8569,66
8570,85
8571,58
8572,11
8573,86
8574,34
8575,79
8576,94
8577,42
8578,10
8579,12
8580,13
8581,62
8582,14
8583,5
8584,29
8585,93
8586,4
8587,82
8588,89
8589,36
8590,64
8591,0
8592,28
8593,38
8594,80
8595,70
8596,81
8597,41
8598,29
8599,55
8600,30
8601,3
8602,99
8603,72
8604,34
8605,47
8606,47
8607,32
8608,67
8609,58
8610,31
8611,92
8612,30
8613,60
8614,70
8615,2
8616,82
8617,56
8618,45
8619,7
8620,97
8621,62
8622,83
8623,68
8624,63
8625,63
8626,59
8627,58
8628,77
8629,80
8630,41
8631,96
8632,66
8633,68
8634,29
8635,61
8636,41
8637,45
8638,37
8639,40
8640,18
8641,29
8642,50
8643,62
8644,84
8645,38
8646,63
8647,42
8648,12
8649,1
8650,47
8651,33
8652,57
8653,97
8654,18
8655,90
8656,0
8657,33
8658,80
8659,90
8660,30
8661,97
8662,31
8663,87
8664,89
8665,1
8666,41
8667,2
8668,9
8669,78
8670,87
8671,53
8672,34
8673,27
8674,30
8675,33
8676,11
8677,30
8678,90
8679,56
8680,66
8681,19
8682,71
8683,47
8684,20
8685,30
8686,90
8687,63
8688,36
8689,9
8690,34
8691,31
8692,65
8693,89
8694,31
8695,88
8696,71
8697,90
8698,7
8699,0
8700,21
8701,51
8702,65
8703,23
8704,86
8705,61
8706,11
8707,51
8708,40
8709,28
8710,65
8711,23
8712,14
8713,34
8714,27
8715,2
8716,71
8717,85
8718,24
8719,76
8720,11
8721,29
8722,71
8723,62
8724,83
8725,62
8726,62
8727,30
8728,7
8729,59
8730,82
8731,2
8732,31
8733,68
8734,68
8735,2
8736,53
8737,75
8738,37
8739,33
8740,28
8741,76
8742,7
8743,21
8744,8
8745,52
8746,57
8747,36
8748,38
8749,33
8750,38
8751,98
8752,96
8753,20
8754,29
8755,90
8756,69
8757,87
8758,57
8759,33
8760,71
8761,91
8762,20
8763,48
8764,71
8765,57
8766,94
8767,0
8768,3
8769,18
8770,69
8771,95
8772,78
8773,94
8774,80
8775,78
8776,46
8777,95
8778,88
8779,99
8780,88
8781,40
8782,53
8783,56
8784,73
8785,82
8786,5
8787,80
8788,14
8789,52
8790,55
8791,70
8792,13
8793,78
8794,83
8795,94
8796,90
8797,42
8798,87
8799,39
8800,34
8801,6
8802,36
8803,10
8804,5
8805,79
8806,20
8807,71
8808,2
8809,3
8810,96
8811,73
8812,16
8813,79
8814,94
8815,72
8816,78
8817,27
8818,31
8819,9
8820,89
8821,64
8822,54
8823,52
8824,26
8825,78
8826,12
8827,30
8828,54
8829,51
8830,95
8831,90
8832,99
8833,16
8834,15
8835,56
8836,80
8837,65
8838,83
8839,3
8840,24
8841,57
8842,34
8843,8
8844,59
8845,8
8846,95
8847,36
8848,63
8849,12
8850,51
8851,85
8852,97
8853,15
8854,31
8855,70
8856,27
8857,17
8858,99
8859,90
8860,15
8861,57
8862,61
8863,98
8864,37
8865,46
8866,53
8867,48
8868,16
8869,95
8870,90
8871,96
8872,53
8873,60
8874,67
8875,16
8876,60
8877,29
8878,78
8879,62
8880,62
8881,82
8882,36
8883,39
8884,31
8885,47
8886,64
8887,65
8888,46
8889,94
8890,42
8891,37
8892,99
8893,40
8894,35
8895,29
8896,37
8897,36
8898,40
8899,80
8900,53
8901,75
8902,30
8903,53
8904,42
8905,21
8906,33
8907,69
8908,6
8909,11
8910,57
8911,71
8912,37
8913,63
8914,69
8915,58
8916,90
8917,47
8918,66
8919,62
8920,90
8921,38
8922,98
8923,82
8924,62
8925,53
8926,15
8927,52
8928,70
8929,48
8930,5
8931,10
8932,53
8933,71
8934,15
8935,98
8936,95
8937,52
8938,67
8939,82
8940,15
8941,0
8942,89
8943,71
8944,60
8945,52
8946,21
8947,68
8948,35
8949,2
8950,83
8951,52
8952,11
8953,58
8954,18
8955,96
8956,40
8957,0
8958,13
8959,12
8960,42
8961,51
8962,51
8963,65
8964,63
8965,45
8966,83
8967,51
8968,45
8969,38
8970,37
8971,99
8972,40
8973,34
8974,57
8975,42
8976,94
8977,38
8978,73
8979,47
8980,53
8981,48
8982,78
8983,56
8984,34
8985,62
8986,58
8987,67
8988,36
8989,33
8990,14
8991,69
8992,81
8993,11
8994,39
8995,62
8996,90
8997,75
8998,95
8999,40
9000,28
9001,57
9002,42
9003,20
9004,33
9005,79
9006,71
9007,48
9008,87
9009,83
9010,66
9011,8
9012,36
9013,51
9014,96
9015,33
9016,57
9017,8
9018,40
9019,34
9020,73
9021,3
9022,51
9023,61
9024,11
9025,96
9026,41
9027,31
9028,34
9029,30
9030,85
9031,30
9032,32
9033,80
9034,54
9035,12
9036,64
9037,4
9038,10
9039,16
9040,37
9041,54
9042,4
9043,71
9044,98
9045,11
9046,30
9047,75
9048,90
9049,71
9050,18
9051,66
9052,9
9053,82
9054,55
9055,76
9056,85
9057,60
9058,37
9059,94
9060,3
9061,56
9062,14
9063,5
9064,99
9065,36
9066,43
9067,26
9068,36
9069,60
9070,34
9071,62
9072,2
9073,66
9074,45
9075,95
9076,21
9077,71
9078,33
9079,43
9080,44
9081,58
9082,1
9083,83
9084,49
9085,75
9086,31
9087,20
9088,34
9089,20
9090,30
9091,96
9092,66
9093,79
9094,9
9095,80
9096,26
9097,0
9098,56
9099,47
9100,18
9101,52
9102,1
9103,11
9104,31
9105,34
9106,73
9107,9
9108,99
9109,53
9110,34
9111,74
9112,63
9113,38
9114,95
9115,79
9116,24
9117,49
9118,21
9119,61
9120,51
9121,30
9122,39
9123,89
9124,16
9125,97
9126,84
9127,17
9128,22
9129,33
9130,22
9131,60
9132,70
9133,49
9134,36
9135,71
9136,12
9137,14
9138,2
9139,94
9140,3
9141,19
9142,66
9143,88
9144,19
9145,36
9146,70
9147,62
9148,18
9149,94
9150,67
9151,70
9152,54
9153,81
9154,33
9155,11
9156,16
9157,52
9158,21
9159,24
9160,71
9161,58
9162,84
9163,57
9164,23
9165,68
9166,36
9167,90
9168,39
9169,64
9170,21
9171,57
9172,8
9173,87
9174,82
9175,60
9176,38
9177,50
9178,24
9179,75
9180,84
9181,7
9182,66
9183,5
9184,11
9185,91
9186,94
9187,29
9188,79
9189,58
9190,55
9191,81
9192,83
9193,51
9194,45
9195,34
9196,94
9197,45
9198,54
9199,30
9200,0
9201,4
9202,78
9203,14
9204,66
9205,33
9206,39
9207,54
9208,72
9209,96
9210,68
9211,52
9212,54
9213,36
9214,37
9215,30
9216,69
9217,23
9218,27
9219,60
9220,79
9221,0
9222,91
9223,55
9224,11
9225,11
9226,11
9227,21
9228,83
9229,50
9230,40
9231,31
9232,47
9233,55
9234,4
9235,64
9236,38
9237,59
9238,42
9239,57
9240,90
9241,37
9242,71
9243,43
9244,83
9245,54
9246,32
9247,12
9248,21
9249,99
9250,15
9251,76
9252,81
9253,8
9254,83
9255,12
9256,92
9257,66
9258,73
9259,90
9260,93
9261,42
9262,39
9263,11
9264,34
9265,63
9266,15
9267,91
9268,41
9269,47
9270,94
9271,18
9272,80
9273,83
9274,62
9275,85
9276,41
9277,82
9278,0
9279,53
9280,2
9281,18
9282,46
9283,66
9284,80
9285,55
9286,63
9287,37
9288,37
9289,1
9290,37
9291,27
9292,42
9293,95
9294,57
9295,97
9296,94
9297,62
9298,37
9299,36
9300,73
9301,61
9302,56
9303,53
9304,80
9305,14
9306,71
9307,94
9308,99
9309,39
9310,41
9311,52
9312,91
9313,90
9314,88
9315,83
9316,95
9317,39
9318,42
9319,96
9320,47
9321,58
9322,53
9323,78
9324,2
9325,63
9326,29
9327,49
9328,18
9329,93
9330,80
9331,33
9332,38
9333,42
9334,94
9335,82
9336,59
9337,0
9338,11
9339,3
9340,56
9341,55
9342,47
9343,23
9344,40
9345,41
9346,78
9347,9
9348,2
9349,56
9350,33
9351,19
9352,36
9353,2
9354,66
9355,18
9356,82
9357,69
9358,80
9359,65
9360,6
9361,55
9362,89
9363,29
9364,11
9365,20
9366,30
9367,21
9368,90
9369,97
9370,8
9371,70
9372,57
9373,74
9374,86
9375,3
9376,27
9377,58
9378,35
9379,25
9380,89
9381,53
9382,80
9383,95
9384,11
9385,62
9386,90
9387,21
9388,38
9389,56
9390,86
9391,99
9392,71
9393,21
9394,60
9395,36
9396,62
9397,16
9398,64
9399,52
9400,64
9401,72
9402,45
9403,18
9404,69
9405,64
9406,42
9407,89
9408,11
9409,86
9410,38
9411,52
9412,36
9413,99
9414,40
9415,14
9416,33
9417,93
9418,66
9419,55
9420,99
9421,39
9422,55
9423,99
9424,84
9425,59
9426,34
9427,47
9428,7
9429,70
9430,65
9431,82
9432,14
9433,34
9434,67
9435,70
9436,94
9437,21
9438,76
9439,42
9440,64
9441,74
9442,1
9443,83
9444,61
9445,15
9446,63
9447,58
9448,3
9449,53
9450,42
9451,47
9452,87
9453,43
9454,90
9455,14
9456,57
9457,67
9458,2
9459,27
9460,14
9461,30
9462,11
9463,66
9464,66
9465,87
9466,21
9467,87
9468,26
9469,41
9470,57
9471,51
9472,4
9473,11
9474,90
9475,98
9476,15
9477,36
9478,25
9479,21
9480,81
9481,71
9482,53
9483,33
9484,63
9485,0
9486,64
9487,7
9488,78
9489,61
9490,27
9491,25
9492,30
9493,83
9494,97
9495,38
9496,64
9497,7
9498,44
9499,23
9500,12
9501,2
9502,51
9503,48
9504,12
9505,99
9506,94
9507,45
9508,2
9509,14
9510,52
9511,31
9512,34
9513,33
9514,49
9515,71
9516,5
9517,30
9518,5
9519,26
9520,70
9521,73
9522,57
9523,3
9524,87
9525,2
9526,21
9527,72
9528,99
9529,51
9530,12
9531,66
9532,53
9533,33
9534,5
9535,66
9536,87
9537,1
9538,34
9539,29
9540,73
9541,63
9542,90
9543,21
9544,53
9545,30
9546,17
9547,86
9548,78
9549,60
9550,28
9551,41
9552,35
9553,83
9554,79
9555,16
9556,78
9557,18
9558,61
9559,86
9560,84
9561,18
9562,79
9563,62
9564,59
9565,70
9566,53
9567,4
9568,42
9569,87
9570,51
9571,23
9572,48
9573,38
9574,14
9575,42
9576,12
9577,95
9578,14
9579,35
9580,98
9581,80
9582,36
9583,55
9584,39
9585,36
9586,5
9587,78
9588,57
9589,87
9590,64
9591,80
9592,61
9593,20
9594,87
9595,57
9596,12
9597,99
9598,19
9599,68
9600,20
9601,49
9602,72
9603,87
9604,20
9605,45
9606,79
9607,85
9608,19
9609,54
9610,92
9611,9
9612,80
9613,36
9614,66
9615,41
9616,39
9617,2
9618,24
9619,66
9620,12
9621,56
9622,9
9623,30
9624,97
9625,30
9626,76
9627,15
9628,30
9629,92
9630,69
9631,60
9632,94
9633,54
9634,23
9635,28
9636,95
9637,46
9638,40
9639,62
9640,93
9641,23
9642,4
9643,33
9644,30
9645,80
9646,8
9647,43
9648,21
9649,65
9650,42
9651,60
9652,45
9653,23
9654,48
9655,16
9656,57
9657,94
9658,91
9659,70
9660,36
9661,62
9662,81
9663,84
9664,71
9665,31
9666,21
9667,42
9668,30
9669,41
9670,99
9671,8
9672,83
9673,14
9674,36
9675,52
9676,0
9677,88
9678,85
9679,4
9680,11
9681,53
9682,66
9683,12
9684,98
9685,37
9686,18
9687,47
9688,56
9689,12
9690,53
9691,42
9692,33
9693,48
9694,21
9695,90
9696,12
9697,95
9698,53
9699,80
9700,95
9701,33
9702,12
9703,53
9704,48
9705,24
9706,12
9707,80
9708,66
9709,5
9710,39
9711,82
9712,60
9713,38
9714,5
9715,47
9716,9
9717,73
9718,69
9719,32
9720,72
9721,12
9722,95
9723,37
9724,61
9725,70
9726,71
9727,2
9728,65
9729,5
9730,31
9731,98
9732,90
9733,35
9734,94
9735,41
9736,27
9737,53
9738,33
9739,96
9740,35
9741,72
9742,39
9743,11
9744,64
9745,21
9746,69
9747,21
9748,64
9749,90
9750,29
9751,80
9752,76
9753,5
9754,59
9755,9
9756,80
9757,81
9758,38
9759,14
9760,7
9761,56
9762,65
9763,58
9764,52
9765,23
9766,64
9767,86
9768,88
9769,87
9770,76
9771,89
9772,45
9773,58
9774,37
9775,62
9776,66
9777,33
9778,33
9779,45
9780,34
9781,85
9782,73
9783,38
9784,5
9785,96
9786,69
9787,32
9788,65
9789,35
9790,97
9791,28
9792,45
9793,49
9794,62
9795,73
9796,52
9797,63
9798,56
9799,87
9800,36
9801,12
9802,87
9803,31
9804,56
9805,64
9806,86
9807,48
9808,17
9809,81
9810,51
9811,87
9812,24
9813,27
9814,0
9815,58
9816,35
9817,90
9818,80
9819,76
9820,63
9821,47
9822,30
9823,55
9824,60
9825,65
9826,18
9827,21
9828,60
9829,38
9830,58
9831,53
9832,21
9833,11
9834,86
9835,40
9836,41
9837,16
9838,84
9839,51
9840,32
9841,93
9842,38
9843,11
9844,2
9845,78
9846,63
9847,80
9848,61
9849,62
9850,21
9851,64
9852,57
9853,34
9854,60
9855,12
9856,87
9857,97
9858,90
9859,69
9860,30
9861,72
9862,57
9863,62
9864,2
9865,54
9866,36
9867,69
9868,32
9869,56
9870,34
9871,66
9872,22
9873,58
9874,7
9875,55
9876,83
9877,42
9878,90
9879,67
9880,13
9881,55
9882,29
9883,34
9884,18
9885,77
9886,64
9887,11
9888,53
9889,37
9890,30
9891,0
9892,11
9893,63
9894,24
9895,71
9896,95
9897,53
9898,2
9899,30
9900,47
9901,99
9902,57
9903,90
9904,62
9905,71
9906,66
9907,6
9908,62
9909,2
9910,86
9911,19
9912,2
9913,93
9914,33
9915,64
9916,37
9917,85
9918,90
9919,69
9920,53
9921,45
9922,89
9923,32
9924,68
9925,76
9926,64
9927,58
9928,8
9929,29
9930,58
9931,30
9932,66
9933,53
9934,33
9935,40
9936,80
9937,68
9938,89
9939,56
9940,82
9941,50
9942,4
9943,83
9944,43
9945,33
9946,58
9947,63
9948,64
9949,80
9950,47
9951,80
9952,79
9953,64
9954,73
9955,64
9956,53
9957,50
9958,80
9959,73
9960,39
9961,42
9962,34
9963,95
9964,38
9965,64
9966,43
9967,37
9968,14
9969,37
9970,83
9971,12
9972,61
9973,49
9974,58
9975,14
9976,57
9977,14
9978,21
9979,34
9980,30
9981,52
9982,80
9983,31
9984,33
9985,90
9986,78
9987,77
9988,3
9989,4
9990,90
9991,93
9992,70
9993,30
9994,49
9995,83
9996,21
9997,18
9998,42
9999,70
